project_id,repo_name,canonical_full_name,language,modelA_usable_months,modelA_ge2,modelA_ge12,modelB_usable_months_conservative,modelC_usable_months,modelD_usable_months
"GHSP0001","01-ai/Yi","01-ai/Yi","Jupyter Notebook",7,1,0,7,7,24
"GHSP0002","1Panel-dev/1Panel","1Panel-dev/1Panel","Go",24,1,1,24,24,24
"GHSP0003","33cn/chain33","33cn/chain33","Go",0,0,0,0,0,24
"GHSP0004","648540858/wvp-GB28181-pro","648540858/wvp-GB28181-pro","Java",24,1,1,24,24,24
"GHSP0005","abel533/Mapper","abel533/Mapper","Java",8,1,0,8,8,24
"GHSP0006","aboutcode-org/scancode-toolkit","aboutcode-org/scancode-toolkit","Python",24,1,1,24,24,24
"GHSP0007","actboy168/lua-debug","actboy168/lua-debug","Lua",8,1,0,8,8,24
"GHSP0008","activeadmin/activeadmin","activeadmin/activeadmin","Ruby",18,1,1,18,18,24
"GHSP0009","activemerchant/active_merchant","activemerchant/active_merchant","Ruby",9,1,0,9,9,24
"GHSP0010","activerecord-hackery/ransack","activerecord-hackery/ransack","Ruby",13,1,1,13,13,24
"GHSP0011","adam-p/markdown-here","adam-p/markdown-here","JavaScript",10,1,0,10,10,24
"GHSP0012","aheckmann/gm","aheckmann/gm","JavaScript",2,1,0,2,2,24
"GHSP0013","Ahoo-Wang/CosId","Ahoo-Wang/CosId","Java",13,1,1,13,13,24
"GHSP0014","airbnb/javascript","airbnb/javascript","JavaScript",24,1,1,24,24,24
"GHSP0015","ajaxorg/ace","ajaxorg/ace","JavaScript",22,1,1,22,22,24
"GHSP0016","Alamofire/Alamofire","Alamofire/Alamofire","Swift",21,1,1,21,21,24
"GHSP0017","alerta/alerta","alerta/alerta","Python",7,1,0,7,7,24
"GHSP0018","alexreisner/geocoder","alexreisner/geocoder","Ruby",13,1,1,13,13,24
"GHSP0019","algorand/go-algorand","algorand/go-algorand","Go",11,1,0,11,11,24
"GHSP0020","alibaba/druid","alibaba/druid","Java",17,1,1,17,17,24
"GHSP0021","alibaba/MNN","alibaba/MNN","C++",24,1,1,24,24,24
"GHSP0022","alibaba/nacos","alibaba/nacos","Java",24,1,1,24,24,24
"GHSP0023","alibaba/spring-cloud-alibaba","alibaba/spring-cloud-alibaba","Java",24,1,1,24,24,24
"GHSP0024","alibaba/SREWorks","alibaba/SREWorks","Java",1,0,0,1,1,24
"GHSP0025","alibaba/tengine","alibaba/tengine","C",9,1,0,9,9,24
"GHSP0026","alibaba/x-render","alibaba/x-render","TypeScript",18,1,1,18,18,24
"GHSP0027","Alluxio/alluxio","Alluxio/alluxio","Java",10,1,0,10,10,24
"GHSP0028","alohaeditor/Aloha-Editor","alohaeditor/Aloha-Editor","JavaScript",0,0,0,0,0,24
"GHSP0029","ampproject/amphtml","ampproject/amphtml","JavaScript",21,1,1,21,21,24
"GHSP0030","amsul/pickadate.js","amsul/pickadate.js","JavaScript",0,0,0,0,0,24
"GHSP0031","angular/angular","angular/angular","TypeScript",24,1,1,24,24,24
"GHSP0032","angular/components","angular/components","TypeScript",24,1,1,24,24,24
"GHSP0033","ankane/searchkick","ankane/searchkick","Ruby",17,1,1,17,17,24
"GHSP0034","ansible/ansible","ansible/ansible","Python",24,1,1,24,24,24
"GHSP0035","ant-design/ant-design","ant-design/ant-design","TypeScript",24,1,1,24,24,24
"GHSP0036","apache/arrow-rs","apache/arrow-rs","Rust",24,1,1,24,24,24
"GHSP0037","apache/bookkeeper","apache/bookkeeper","Java",15,1,1,15,15,24
"GHSP0038","apache/buildstream","apache/buildstream","Python",12,1,1,12,12,24
"GHSP0039","apache/carbondata","apache/carbondata","Scala",3,1,0,3,3,24
"GHSP0040","apache/cloudberry","apache/cloudberry","C",22,1,1,22,22,24
"GHSP0041","apache/cordova-android","apache/cordova-android","JavaScript",21,1,1,21,21,24
"GHSP0042","apache/cordova-browser","apache/cordova-browser","JavaScript",0,0,0,0,0,24
"GHSP0043","apache/cordova-cli","apache/cordova-cli","JavaScript",4,1,0,4,4,24
"GHSP0044","apache/cordova-coho","apache/cordova-coho","JavaScript",0,0,0,0,0,24
"GHSP0045","apache/cordova-common","apache/cordova-common","JavaScript",6,1,0,6,6,24
"GHSP0046","apache/cordova-create","apache/cordova-create","JavaScript",0,0,0,0,1,0
"GHSP0047","apache/cordova-eslint","apache/cordova-eslint","JavaScript",0,0,0,0,0,0
"GHSP0048","apache/cordova-fetch","apache/cordova-fetch","JavaScript",0,0,0,0,0,24
"GHSP0049","apache/cordova-ios","apache/cordova-ios","JavaScript",17,1,1,17,17,24
"GHSP0050","apache/cordova-lib","apache/cordova-lib","JavaScript",2,1,0,2,2,24
"GHSP0051","apache/cordova-node-xcode","apache/cordova-node-xcode","JavaScript",0,0,0,0,0,24
"GHSP0052","apache/cordova-paramedic","apache/cordova-paramedic","JavaScript",1,0,0,1,1,24
"GHSP0053","apache/cordova-plugin-battery-status","apache/cordova-plugin-battery-status","JavaScript",0,0,0,0,0,24
"GHSP0054","apache/cordova-plugin-camera","apache/cordova-plugin-camera","Objective-C",8,1,0,8,8,24
"GHSP0055","apache/cordova-plugin-file","apache/cordova-plugin-file","JavaScript",8,1,0,8,8,24
"GHSP0056","apache/cordova-plugin-file-transfer","apache/cordova-plugin-file-transfer","JavaScript",1,0,0,1,1,24
"GHSP0057","apache/cordova-plugin-inappbrowser","apache/cordova-plugin-inappbrowser","Java",10,1,0,10,10,24
"GHSP0058","apache/cordova-plugin-network-information","apache/cordova-plugin-network-information","Objective-C",1,0,0,1,1,24
"GHSP0059","apache/cordova-plugin-statusbar","apache/cordova-plugin-statusbar","Objective-C",4,1,0,4,4,24
"GHSP0060","apache/cordova-plugin-vibration","apache/cordova-plugin-vibration","JavaScript",1,0,0,1,1,24
"GHSP0061","apache/cordova-plugman","apache/cordova-plugman","JavaScript",0,0,0,0,0,24
"GHSP0062","apache/cordova-serve","apache/cordova-serve","JavaScript",0,0,0,0,0,24
"GHSP0063","apache/couchdb","apache/couchdb","Erlang",22,1,1,22,22,24
"GHSP0064","apache/dolphinscheduler","apache/dolphinscheduler","Java",24,1,1,24,24,24
"GHSP0065","apache/doris","apache/doris","C++",24,1,1,24,24,24
"GHSP0066","apache/dubbo","apache/dubbo","Java",24,1,1,24,24,24
"GHSP0067","apache/echarts","apache/echarts","TypeScript",24,1,1,24,24,24
"GHSP0068","apache/eventmesh","apache/eventmesh","Java",15,1,1,15,15,24
"GHSP0069","apache/hugegraph","apache/hugegraph","Java",0,0,0,0,0,0
"GHSP0070","apache/jmeter","apache/jmeter","Java",15,1,1,15,15,24
"GHSP0071","apache/kvrocks","apache/kvrocks","C++",23,1,1,23,23,24
"GHSP0072","apache/linkis","apache/linkis","Java",12,1,1,12,12,24
"GHSP0073","apache/paimon","apache/paimon","Java",24,1,1,24,24,24
"GHSP0074","apache/pinot","apache/pinot","Java",24,1,1,24,24,24
"GHSP0075","apache/poi","apache/poi","Java",4,1,0,4,4,6
"GHSP0076","apache/seatunnel","apache/seatunnel","Java",24,1,1,24,24,24
"GHSP0077","apache/shardingsphere","apache/shardingsphere","Java",24,1,1,24,24,24
"GHSP0078","apache/shardingsphere-elasticjob","apache/shardingsphere-elasticjob","Java",13,1,1,13,13,24
"GHSP0079","apache/shenyu","apache/shenyu","Java",22,1,1,22,22,24
"GHSP0080","apache/spark","apache/spark","Scala",0,0,0,0,0,0
"GHSP0081","apache/tomcat","apache/tomcat","Java",0,0,0,0,0,0
"GHSP0082","apache/training","apache/training","HTML",0,0,0,0,0,0
"GHSP0083","apache/tvm","apache/tvm","Python",24,1,1,24,24,24
"GHSP0084","apitable/apitable","apitable/apitable","TypeScript",12,1,1,12,12,24
"GHSP0085","appium/appium","appium/appium","TypeScript",24,1,1,24,24,24
"GHSP0086","aptos-labs/aptos-core","aptos-labs/aptos-core","Rust",24,1,1,24,24,24
"GHSP0087","arduino/Arduino","arduino/Arduino","Java",23,1,1,23,23,24
"GHSP0088","arextest/arex-agent-java","arextest/arex-agent-java","Java",9,1,0,9,9,24
"GHSP0089","armink/FlashDB","armink/FlashDB","C",11,1,0,11,11,24
"GHSP0090","arviz-devs/arviz","arviz-devs/arviz","TeX",19,1,1,19,19,24
"GHSP0091","AsyncHttpClient/async-http-client","AsyncHttpClient/async-http-client","Java",10,1,0,10,10,24
"GHSP0092","Atmosphere/atmosphere","Atmosphere/atmosphere","Java",5,1,0,5,5,24
"GHSP0093","Auto-Mech/mechdriver","Auto-Mech/mechdriver","Python",0,0,0,0,0,20
"GHSP0094","autogluon/autogluon","autogluon/autogluon","Python",24,1,1,24,24,24
"GHSP0095","Automattic/mongoose","Automattic/mongoose","JavaScript",24,1,1,24,24,24
"GHSP0096","Automattic/node-canvas","Automattic/node-canvas","JavaScript",18,1,1,18,18,24
"GHSP0097","Automattic/wp-calypso","Automattic/wp-calypso","TypeScript",24,1,1,24,24,24
"GHSP0098","autowarefoundation/autoware","autowarefoundation/autoware","Dockerfile",0,0,0,0,0,24
"GHSP0099","aws/aws-cli","aws/aws-cli","Python",24,1,1,24,24,24
"GHSP0100","aws/karpenter-provider-aws","aws/karpenter-provider-aws","Go",24,1,1,24,24,24
"GHSP0101","axios/axios","axios/axios","JavaScript",23,1,1,23,23,24
"GHSP0102","babel/babel","babel/babel","TypeScript",24,1,1,24,24,24
"GHSP0103","BabitMF/bmf","BabitMF/bmf","C++",13,1,1,13,13,24
"GHSP0104","BabylonJS/Babylon.js","BabylonJS/Babylon.js","TypeScript",22,1,1,22,22,24
"GHSP0105","bactopia/bactopia","bactopia/bactopia","Nextflow",17,1,1,17,17,24
"GHSP0106","badges/shields","badges/shields","JavaScript",23,1,1,23,23,24
"GHSP0107","balderdashy/sails","balderdashy/sails","JavaScript",5,1,0,5,5,24
"GHSP0108","baomidou/mybatis-plus","baomidou/mybatis-plus","Java",24,1,1,24,24,24
"GHSP0109","Bash-it/bash-it","Bash-it/bash-it","Shell",13,1,1,13,13,24
"GHSP0110","bazel-contrib/rules_oci","bazel-contrib/rules_oci","Starlark",20,1,1,20,20,24
"GHSP0111","bazelbuild/bazel","bazelbuild/bazel","Java",24,1,1,24,24,24
"GHSP0112","bazelbuild/rules_docker","bazelbuild/rules_docker","Starlark",0,0,0,0,0,24
"GHSP0113","bbatsov/prelude","bbatsov/prelude","Emacs Lisp",8,1,0,8,8,24
"GHSP0114","bcit-ci/CodeIgniter","bcit-ci/CodeIgniter","PHP",6,1,0,6,6,24
"GHSP0115","beagleboard/linux","beagleboard/linux","C",4,1,0,4,4,24
"GHSP0116","beetbox/beets","beetbox/beets","Python",23,1,1,23,23,24
"GHSP0117","benoitc/gunicorn","benoitc/gunicorn","Python",21,1,1,21,21,24
"GHSP0118","binary-husky/gpt_academic","binary-husky/gpt_academic","Python",17,1,1,17,17,24
"GHSP0119","bitcoin/bitcoin","bitcoin/bitcoin","C++",24,1,1,24,24,24
"GHSP0120","bitcoinj/bitcoinj","bitcoinj/bitcoinj","Java",14,1,1,14,14,24
"GHSP0121","bitshares/bitshares-core","bitshares/bitshares-core","C++",0,0,0,0,0,24
"GHSP0122","bjerkio/oidc-react","bjerkio/oidc-react","TypeScript",5,1,0,5,5,24
"GHSP0123","blevesearch/bleve","blevesearch/bleve","Go",11,1,0,11,11,24
"GHSP0124","bnb-chain/bsc","bnb-chain/bsc","Go",24,1,1,24,24,24
"GHSP0125","bokeh/bokeh","bokeh/bokeh","Python",24,1,1,24,24,24
"GHSP0126","bottlepy/bottle","bottlepy/bottle","Python",12,1,1,12,12,24
"GHSP0127","brettwooldridge/HikariCP","brettwooldridge/HikariCP","Java",20,1,1,20,20,24
"GHSP0128","brianc/node-postgres","brianc/node-postgres","JavaScript",22,1,1,22,22,24
"GHSP0129","briannesbitt/Carbon","briannesbitt/Carbon","PHP",20,1,1,20,20,24
"GHSP0130","bumptech/glide","bumptech/glide","Java",18,1,1,18,18,24
"GHSP0131","BVLC/caffe","BVLC/caffe","C++",1,0,0,1,1,24
"GHSP0132","bytebase/bytebase","bytebase/bytebase","Go",22,1,1,22,22,24
"GHSP0133","cakephp/cakephp","cakephp/cakephp","PHP",23,1,1,23,23,24
"GHSP0134","calcitem/Sanmill","calcitem/Sanmill","Dart",11,1,0,11,11,24
"GHSP0135","Cantera/cantera","Cantera/cantera","C++",23,1,1,23,23,24
"GHSP0136","caolan/async","caolan/async","JavaScript",11,1,0,11,11,24
"GHSP0137","capistrano/capistrano","capistrano/capistrano","Ruby",6,1,0,6,6,24
"GHSP0138","carrierwaveuploader/carrierwave","carrierwaveuploader/carrierwave","Ruby",13,1,1,13,13,24
"GHSP0139","Carthage/Carthage","Carthage/Carthage","Swift",10,1,0,10,10,24
"GHSP0140","ccfos/nightingale","ccfos/nightingale","Go",24,1,1,24,24,24
"GHSP0141","celery/celery","celery/celery","Python",23,1,1,23,23,24
"GHSP0142","celo-org/celo-blockchain","celo-org/celo-blockchain","Go",12,1,1,12,12,24
"GHSP0143","cesanta/mongoose","cesanta/mongoose","C",23,1,1,23,23,24
"GHSP0144","CESNET/netopeer2","CESNET/netopeer2","C",21,1,1,21,21,24
"GHSP0145","chaijs/chai","chaijs/chai","JavaScript",15,1,1,15,15,24
"GHSP0146","chaoss/grimoirelab","chaoss/grimoirelab","Shell",11,1,0,11,11,24
"GHSP0147","cheeriojs/cheerio","cheeriojs/cheerio","TypeScript",19,1,1,19,19,24
"GHSP0148","chef/chef","chef/chef","Ruby",14,1,1,14,14,24
"GHSP0149","Chia-Network/chia-blockchain","Chia-Network/chia-blockchain","Python",22,1,1,22,22,24
"GHSP0150","cinder/Cinder","cinder/Cinder","C++",3,1,0,3,3,24
"GHSP0151","cisco/ChezScheme","cisco/ChezScheme","Scheme",17,1,1,17,17,24
"GHSP0152","clappr/clappr","clappr/clappr","JavaScript",11,1,0,11,11,24
"GHSP0153","clearml/clearml","clearml/clearml","Python",19,1,1,19,19,24
"GHSP0154","cloud-custodian/cloud-custodian","cloud-custodian/cloud-custodian","Python",24,1,1,24,24,24
"GHSP0155","cloudtty/cloudtty","cloudtty/cloudtty","Go",14,1,1,14,14,24
"GHSP0156","cloudwego/hertz","cloudwego/hertz","Go",22,1,1,22,22,24
"GHSP0157","cloudwego/kitex","cloudwego/kitex","Go",23,1,1,23,23,24
"GHSP0158","cloudwu/skynet","cloudwu/skynet","C",14,1,1,14,14,24
"GHSP0159","clusterpedia-io/clusterpedia","clusterpedia-io/clusterpedia","Go",2,1,0,2,2,24
"GHSP0160","cmderdev/cmder","cmderdev/cmder","PowerShell",17,1,1,17,17,24
"GHSP0161","CMU-Perceptual-Computing-Lab/openpose","CMU-Perceptual-Computing-Lab/openpose","C++",8,1,0,8,8,24
"GHSP0162","cockroachdb/cockroach","cockroachdb/cockroach","Go",24,1,1,24,24,24
"GHSP0163","CocoaLumberjack/CocoaLumberjack","CocoaLumberjack/CocoaLumberjack","Objective-C",10,1,0,10,10,24
"GHSP0164","Cocoanetics/DTCoreText","Cocoanetics/DTCoreText","Swift",4,1,0,4,4,24
"GHSP0165","CocoaPods/CocoaPods","CocoaPods/CocoaPods","Ruby",21,1,1,21,21,24
"GHSP0166","cocos2d/cocos2d-x","cocos2d/cocos2d-x","C++",5,1,0,5,5,24
"GHSP0167","codecombat/codecombat","codecombat/codecombat","JavaScript",3,1,0,3,3,24
"GHSP0168","coleifer/peewee","coleifer/peewee","Python",21,1,1,21,21,24
"GHSP0169","composer/composer","composer/composer","PHP",24,1,1,24,24,24
"GHSP0170","CompVis/stable-diffusion","CompVis/stable-diffusion","Jupyter Notebook",7,1,0,7,7,24
"GHSP0171","conda/conda","conda/conda","Python",24,1,1,24,24,24
"GHSP0172","Conflux-Chain/conflux-rust","Conflux-Chain/conflux-rust","Rust",14,1,1,14,14,24
"GHSP0173","cookieY/Yearning","cookieY/Yearning","Go",23,1,1,23,23,24
"GHSP0174","corda/corda","corda/corda","Kotlin",0,0,0,0,0,24
"GHSP0175","cortexproject/cortex","cortexproject/cortex","Go",23,1,1,23,23,24
"GHSP0176","cosmos/cosmos-sdk","cosmos/cosmos-sdk","Go",24,1,1,24,24,24
"GHSP0177","crystal-lang/crystal","crystal-lang/crystal","Crystal",24,1,1,24,24,24
"GHSP0178","cucumber/cucumber-ruby","cucumber/cucumber-ruby","Ruby",7,1,0,7,7,24
"GHSP0179","cupy/cupy","cupy/cupy","Python",24,1,1,24,24,24
"GHSP0180","curl/curl","curl/curl","C",24,1,1,24,24,24
"GHSP0181","cyfdecyf/cow","cyfdecyf/cow","Go",0,0,0,0,0,24
"GHSP0182","dagster-io/dagster","dagster-io/dagster","Python",24,1,1,24,24,24
"GHSP0183","dataease/dataease","dataease/dataease","Java",24,1,1,24,24,24
"GHSP0184","datavane/datavines","datavane/datavines","Java",15,1,1,15,15,24
"GHSP0185","davisking/dlib","davisking/dlib","C++",18,1,1,18,18,24
"GHSP0186","dbcli/mycli","dbcli/mycli","Python",17,1,1,17,17,24
"GHSP0187","dbcli/pgcli","dbcli/pgcli","Python",12,1,1,12,12,24
"GHSP0188","dcloudio/uni-app","dcloudio/uni-app","JavaScript",24,1,1,24,24,24
"GHSP0189","deepmodeling/deepmd-kit","deepmodeling/deepmd-kit","Python",23,1,1,23,23,24
"GHSP0190","deepstreamIO/deepstream.io","deepstreamIO/deepstream.io","TypeScript",4,1,0,4,4,24
"GHSP0191","DefinitelyTyped/DefinitelyTyped","DefinitelyTyped/DefinitelyTyped","TypeScript",20,1,1,20,20,24
"GHSP0192","devtron-labs/devtron","devtron-labs/devtron","Go",21,1,1,21,21,24
"GHSP0193","dexidp/dex","dexidp/dex","Go",17,1,1,17,17,24
"GHSP0194","diaspora/diaspora","diaspora/diaspora","Ruby",7,1,0,7,7,24
"GHSP0195","didi/KnowStreaming","didi/KnowStreaming","Java",5,1,0,5,5,24
"GHSP0196","didi/xiaoju-survey","didi/xiaoju-survey","TypeScript",17,1,1,17,17,24
"GHSP0197","diem/diem","diem/diem","Rust",0,0,0,0,0,24
"GHSP0198","digiteinfotech/kairon","digiteinfotech/kairon","Python",0,0,0,0,0,24
"GHSP0199","dingo/api","dingo/api","PHP",8,1,0,8,8,24
"GHSP0200","dingodb/dingo","dingodb/dingo","Java",1,0,0,1,1,24
"GHSP0201","django-extensions/django-extensions","django-extensions/django-extensions","Python",11,1,0,11,11,24
"GHSP0202","django-tastypie/django-tastypie","django-tastypie/django-tastypie","Python",1,0,0,1,1,24
"GHSP0203","django/django","django/django","Python",0,0,0,0,0,24
"GHSP0204","dlang/dmd","dlang/dmd","D",13,1,1,13,21,13
"GHSP0205","dmlc/xgboost","dmlc/xgboost","C++",24,1,1,24,24,24
"GHSP0206","docker/compose","docker/compose","Go",24,1,1,24,24,24
"GHSP0207","dokku/dokku","dokku/dokku","Shell",24,1,1,24,24,24
"GHSP0208","domaindrivendev/Swashbuckle.AspNetCore","domaindrivendev/Swashbuckle.AspNetCore","C#",24,1,1,24,24,24
"GHSP0209","dompdf/dompdf","dompdf/dompdf","PHP",22,1,1,22,22,24
"GHSP0210","doocs/leetcode","doocs/leetcode","Java",11,1,0,11,11,24
"GHSP0211","doorkeeper-gem/doorkeeper","doorkeeper-gem/doorkeeper","Ruby",6,1,0,6,6,24
"GHSP0212","dora-rs/dora","dora-rs/dora","Rust",22,1,1,22,22,24
"GHSP0213","dotnet/roslyn","dotnet/roslyn","C#",24,1,1,24,24,24
"GHSP0214","dotnetcore/BootstrapBlazor","dotnetcore/BootstrapBlazor","C#",24,1,1,24,24,24
"GHSP0215","DragonOS-Community/DragonOS","DragonOS-Community/DragonOS","Rust",20,1,1,20,20,24
"GHSP0216","draios/sysdig","draios/sysdig","C++",14,1,1,14,14,24
"GHSP0217","dropwizard/dropwizard","dropwizard/dropwizard","Java",16,1,1,16,16,24
"GHSP0218","dropwizard/metrics","dropwizard/metrics","Java",6,1,0,6,6,24
"GHSP0219","EasyTier/EasyTier","EasyTier/EasyTier","Rust",21,1,1,21,22,21
"GHSP0220","eclipse-sw360/sw360","eclipse-sw360/sw360","Java",24,1,1,24,24,24
"GHSP0221","ecomfe/vue-echarts","ecomfe/vue-echarts","TypeScript",14,1,1,14,14,24
"GHSP0222","ecomfe/zrender","ecomfe/zrender","TypeScript",8,1,0,8,8,24
"GHSP0223","eggjs/egg","eggjs/egg","TypeScript",17,1,1,17,17,24
"GHSP0224","elastic/beats","elastic/beats","Go",24,1,1,24,24,24
"GHSP0225","elastic/elasticsearch","elastic/elasticsearch","Java",24,1,1,24,24,24
"GHSP0226","elastic/kibana","elastic/kibana","TypeScript",24,1,1,24,24,24
"GHSP0227","elastic/logstash","elastic/logstash","Java",24,1,1,24,24,24
"GHSP0228","ElemeFE/element","ElemeFE/element","Vue",11,1,0,11,11,24
"GHSP0229","element-plus/element-plus","element-plus/element-plus","TypeScript",24,1,1,24,24,24
"GHSP0230","EleutherAI/gpt-neox","EleutherAI/gpt-neox","Python",13,1,1,13,13,24
"GHSP0231","EleutherAI/lm-evaluation-harness","EleutherAI/lm-evaluation-harness","Python",24,1,1,24,24,24
"GHSP0232","elixir-lang/elixir","elixir-lang/elixir","Elixir",24,1,1,24,24,24
"GHSP0233","elixir-mint/mint","elixir-mint/mint","Elixir",5,1,0,5,5,24
"GHSP0234","ember-cli/ember-cli","ember-cli/ember-cli","JavaScript",13,1,1,13,13,24
"GHSP0235","emberjs/ember.js","emberjs/ember.js","TypeScript",15,1,1,15,15,24
"GHSP0236","ent/ent","ent/ent","Go",19,1,1,19,19,24
"GHSP0237","envoyproxy/gateway","envoyproxy/gateway","Go",24,1,1,24,24,24
"GHSP0238","eosphoros-ai/DB-GPT","eosphoros-ai/DB-GPT","Python",24,1,1,24,24,24
"GHSP0239","erlang/otp","erlang/otp","Erlang",24,1,1,24,24,24
"GHSP0240","errbit/errbit","errbit/errbit","Ruby",4,1,0,4,4,24
"GHSP0241","eslint/eslint","eslint/eslint","JavaScript",24,1,1,24,24,24
"GHSP0242","esp8266/Arduino","esp8266/Arduino","C++",20,1,1,20,20,24
"GHSP0243","espressif/esp-idf","espressif/esp-idf","C",24,1,1,24,24,24
"GHSP0244","EstrellaXD/Auto_Bangumi","EstrellaXD/Auto_Bangumi","Python",17,1,1,17,17,24
"GHSP0245","ethereum/go-ethereum","ethereum/go-ethereum","Go",24,1,1,24,24,24
"GHSP0246","eunomia-bpf/wasm-bpf","eunomia-bpf/wasm-bpf","Rust",1,0,0,1,1,24
"GHSP0247","evanw/esbuild","evanw/esbuild","Go",24,1,1,24,24,24
"GHSP0248","evidentlyai/evidently","evidentlyai/evidently","Jupyter Notebook",14,1,1,14,14,24
"GHSP0249","explosion/thinc","explosion/thinc","Python",5,1,0,5,5,24
"GHSP0250","expressjs/express","expressjs/express","JavaScript",24,1,1,24,24,24
"GHSP0251","fabric/fabric","fabric/fabric","Python",7,1,0,7,7,24
"GHSP0252","facebook/facebook-ios-sdk","facebook/facebook-ios-sdk","Swift",12,1,1,12,12,24
"GHSP0253","facebook/flow","facebook/flow","Rust",17,1,1,17,17,24
"GHSP0254","facebook/folly","facebook/folly","C++",19,1,1,19,19,24
"GHSP0255","facebook/fresco","facebook/fresco","Kotlin",7,1,0,7,7,24
"GHSP0256","facebook/hhvm","facebook/hhvm","C++",11,1,0,11,11,24
"GHSP0257","facebook/relay","facebook/relay","Rust",19,1,1,19,19,24
"GHSP0258","facebook/rocksdb","facebook/rocksdb","C++",22,1,1,22,22,24
"GHSP0259","facebookresearch/fairscale","facebookresearch/fairscale","Python",3,1,0,3,3,24
"GHSP0260","falconry/falcon","falconry/falcon","Python",19,1,1,19,19,24
"GHSP0261","farm-fe/farm","farm-fe/farm","Rust",21,1,1,21,21,24
"GHSP0262","fasiondog/hikyuu","fasiondog/hikyuu","C++",11,1,0,11,11,24
"GHSP0263","fastlane/fastlane","fastlane/fastlane","Ruby",24,1,1,24,24,24
"GHSP0264","fatih/vim-go","fatih/vim-go","Vim Script",18,1,1,18,18,24
"GHSP0265","feathersjs/feathers","feathersjs/feathers","TypeScript",10,1,0,10,10,24
"GHSP0266","FISCO-BCOS/FISCO-BCOS","FISCO-BCOS/FISCO-BCOS","C++",13,1,1,13,13,24
"GHSP0267","fish-shell/fish-shell","fish-shell/fish-shell","Rust",24,1,1,24,24,24
"GHSP0268","flot/flot","flot/flot","JavaScript",0,0,0,0,0,24
"GHSP0269","fluent/fluentd","fluent/fluentd","Ruby",21,1,1,21,21,24
"GHSP0270","flutter/flutter","flutter/flutter","Dart",24,1,1,24,24,24
"GHSP0271","fluxcd/flux2","fluxcd/flux2","Go",24,1,1,24,24,24
"GHSP0272","fossology/fossology","fossology/fossology","HTML",22,1,1,22,22,24
"GHSP0273","FredrikNoren/ungit","FredrikNoren/ungit","JavaScript",2,1,0,2,2,24
"GHSP0274","fullcalendar/fullcalendar","fullcalendar/fullcalendar","TypeScript",22,1,1,22,22,24
"GHSP0275","g1879/DrissionPage","g1879/DrissionPage","Python",19,1,1,19,19,24
"GHSP0276","gatling/gatling","gatling/gatling","Scala",23,1,1,23,23,24
"GHSP0277","gatsbyjs/gatsby","gatsbyjs/gatsby","JavaScript",17,1,1,17,17,24
"GHSP0278","getgrav/grav","getgrav/grav","PHP",23,1,1,23,23,24
"GHSP0279","getpelican/pelican","getpelican/pelican","Python",19,1,1,19,19,24
"GHSP0280","getsentry/sentry","getsentry/sentry","Python",24,1,1,24,24,24
"GHSP0281","gevent/gevent","gevent/gevent","Python",18,1,1,18,18,24
"GHSP0282","gin-gonic/gin","gin-gonic/gin","Go",24,1,1,24,24,24
"GHSP0283","gitbucket/gitbucket","gitbucket/gitbucket","Scala",16,1,1,16,16,24
"GHSP0284","gocd/gocd","gocd/gocd","Java",14,1,1,14,14,24
"GHSP0285","godotengine/godot","godotengine/godot","C++",24,1,1,24,24,24
"GHSP0286","gogf/gf","gogf/gf","Go",24,1,1,24,24,24
"GHSP0287","golang/go","golang/go","Go",24,1,1,24,24,24
"GHSP0288","google/cadvisor","google/cadvisor","Go",16,1,1,16,16,24
"GHSP0289","google/ExoPlayer","google/ExoPlayer","Java",13,1,1,13,13,24
"GHSP0290","google/flatbuffers","google/flatbuffers","C++",24,1,1,24,24,24
"GHSP0291","google/fonts","google/fonts","HTML",24,1,1,24,24,24
"GHSP0292","google/gson","google/gson","Java",17,1,1,17,17,24
"GHSP0293","google/guava","google/guava","Java",23,1,1,23,23,24
"GHSP0294","google/guice","google/guice","Java",5,1,0,5,5,24
"GHSP0295","google/j2objc","google/j2objc","Java",10,1,0,10,10,24
"GHSP0296","google/neuroglancer","google/neuroglancer","TypeScript",20,1,1,20,20,24
"GHSP0297","goplus/xgo","goplus/xgo","Go",19,1,1,19,19,24
"GHSP0298","gradle/gradle","gradle/gradle","Groovy",24,1,1,24,24,24
"GHSP0299","grafana/grafana","grafana/grafana","TypeScript",24,1,1,24,24,24
"GHSP0300","graphite-project/graphite-web","graphite-project/graphite-web","JavaScript",11,1,0,11,11,24
"GHSP0301","graphql/graphql-js","graphql/graphql-js","TypeScript",18,1,1,18,18,24
"GHSP0302","GreptimeTeam/greptimedb","GreptimeTeam/greptimedb","Rust",24,1,1,24,24,24
"GHSP0303","grpc/grpc","grpc/grpc","C++",24,1,1,24,24,24
"GHSP0304","gruntjs/grunt","gruntjs/grunt","JavaScript",1,0,0,1,1,24
"GHSP0305","guardian/frontend","guardian/frontend","Scala",16,1,1,16,16,24
"GHSP0306","guzzle/guzzle","guzzle/guzzle","PHP",13,1,1,13,13,24
"GHSP0307","h2o/h2o","h2o/h2o","C",10,1,0,10,10,24
"GHSP0308","h5bp/html5-boilerplate","h5bp/html5-boilerplate","JavaScript",12,1,1,12,12,24
"GHSP0309","haiwen/seafile","haiwen/seafile","C",22,1,1,22,22,24
"GHSP0310","handsontable/handsontable","handsontable/handsontable","JavaScript",23,1,1,23,23,24
"GHSP0311","hantsy/spring-reactive-sample","hantsy/spring-reactive-sample","Java",0,0,0,0,0,0
"GHSP0312","hapijs/hapi","hapijs/hapi","JavaScript",14,1,1,14,14,24
"GHSP0313","harlanc/xiu","harlanc/xiu","Rust",12,1,1,12,12,24
"GHSP0314","hashicorp/consul","hashicorp/consul","Go",14,1,1,14,14,24
"GHSP0315","hashicorp/terraform","hashicorp/terraform","Go",24,1,1,24,24,24
"GHSP0316","hashicorp/vault","hashicorp/vault","Go",24,1,1,24,24,24
"GHSP0317","hefengbao/jingmo","hefengbao/jingmo","Kotlin",4,1,0,4,4,23
"GHSP0318","helix-editor/helix","helix-editor/helix","Rust",24,1,1,24,24,24
"GHSP0319","HelloZeroNet/ZeroNet","HelloZeroNet/ZeroNet","JavaScript",0,0,0,0,0,24
"GHSP0320","hexojs/hexo","hexojs/hexo","TypeScript",19,1,1,19,19,24
"GHSP0321","highcharts/highcharts","highcharts/highcharts","TypeScript",24,1,1,24,24,24
"GHSP0322","hiroi-sora/Umi-OCR","hiroi-sora/Umi-OCR","Python",19,1,1,19,19,24
"GHSP0323","hpcaitech/ColossalAI","hpcaitech/ColossalAI","Python",16,1,1,16,16,24
"GHSP0324","hrydgard/ppsspp","hrydgard/ppsspp","C++",24,1,1,24,24,24
"GHSP0325","humhub/humhub","humhub/humhub","PHP",23,1,1,23,23,24
"GHSP0326","hwameistor/hwameistor","hwameistor/hwameistor","Go",20,1,1,20,20,24
"GHSP0327","hyperledger/fabric","hyperledger/fabric","Go",17,1,1,17,17,24
"GHSP0328","i18next/i18next","i18next/i18next","JavaScript",22,1,1,22,22,24
"GHSP0329","i3/i3","i3/i3","C",19,1,1,19,19,24
"GHSP0330","iamkun/dayjs","iamkun/dayjs","JavaScript",18,1,1,18,18,24
"GHSP0331","ianyh/Amethyst","ianyh/Amethyst","Swift",19,1,1,19,19,24
"GHSP0332","ibireme/YYKit","ibireme/YYKit","Objective-C",1,0,0,1,1,24
"GHSP0333","ibireme/YYText","ibireme/YYText","Objective-C",3,1,0,3,3,24
"GHSP0334","iced-rs/iced","iced-rs/iced","Rust",23,1,1,23,23,24
"GHSP0335","icsharpcode/ILSpy","icsharpcode/ILSpy","C#",23,1,1,23,23,24
"GHSP0336","infiniticio/infinitic","infiniticio/infinitic","Kotlin",7,1,0,7,7,24
"GHSP0337","influxdata/influxdb","influxdata/influxdb","Rust",24,1,1,24,24,24
"GHSP0338","InsightSoftwareConsortium/ITK","InsightSoftwareConsortium/ITK","C++",23,1,1,23,23,24
"GHSP0339","intuit/auto","intuit/auto","TypeScript",7,1,0,7,7,24
"GHSP0340","ipfs/helia","ipfs/helia","TypeScript",18,1,1,18,18,24
"GHSP0341","ipfs/ipfs-desktop","ipfs/ipfs-desktop","JavaScript",23,1,1,23,23,24
"GHSP0342","istanbuljs/istanbuljs","istanbuljs/istanbuljs","JavaScript",3,1,0,3,3,24
"GHSP0343","istio/istio","istio/istio","Go",24,1,1,24,24,24
"GHSP0344","istio/ztunnel","istio/ztunnel","Rust",19,1,1,19,19,24
"GHSP0345","ithewei/libhv","ithewei/libhv","C",24,1,1,24,24,24
"GHSP0346","IvorySQL/IvorySQL","IvorySQL/IvorySQL","C",20,1,1,20,20,24
"GHSP0347","JamesNK/Newtonsoft.Json","JamesNK/Newtonsoft.Json","C#",20,1,1,20,20,24
"GHSP0348","jashkenas/backbone","jashkenas/backbone","JavaScript",1,0,0,1,1,24
"GHSP0349","jashkenas/coffeescript","jashkenas/coffeescript","CoffeeScript",8,1,0,8,8,24
"GHSP0350","jashkenas/underscore","jashkenas/underscore","JavaScript",4,1,0,4,4,24
"GHSP0351","jasmine/jasmine","jasmine/jasmine","JavaScript",12,1,1,12,12,24
"GHSP0352","java-native-access/jna","java-native-access/jna","Java",13,1,1,13,13,24
"GHSP0353","jeapostrophe/racket-langserver","jeapostrophe/racket-langserver","Racket",5,1,0,5,5,24
"GHSP0354","JedWatson/react-select","JedWatson/react-select","TypeScript",12,1,1,12,12,24
"GHSP0355","jekyll/jekyll","jekyll/jekyll","Ruby",21,1,1,21,21,24
"GHSP0356","jeremyevans/sequel","jeremyevans/sequel","Ruby",16,1,1,16,16,24
"GHSP0357","jfcherng/php-diff","jfcherng/php-diff","PHP",3,1,0,3,3,24
"GHSP0358","jgm/pandoc","jgm/pandoc","Haskell",24,1,1,24,24,24
"GHSP0359","jgthms/bulma","jgthms/bulma","CSS",17,1,1,17,17,24
"GHSP0360","jhipster/generator-jhipster","jhipster/generator-jhipster","TypeScript",24,1,1,24,24,24
"GHSP0361","jhy/jsoup","jhy/jsoup","Java",24,1,1,24,24,24
"GHSP0362","jingsongliujing/OnnxOCR","jingsongliujing/OnnxOCR","Python",5,1,0,5,5,24
"GHSP0363","Jittor/jittor","Jittor/jittor","Python",12,1,1,12,12,24
"GHSP0364","joblib/joblib","joblib/joblib","Python",19,1,1,19,19,24
"GHSP0365","jonas/tig","jonas/tig","C",18,1,1,18,18,24
"GHSP0366","jordansissel/fpm","jordansissel/fpm","Ruby",5,1,0,5,5,24
"GHSP0367","josdejong/mathjs","josdejong/mathjs","JavaScript",22,1,1,22,22,24
"GHSP0368","jquery/jquery","jquery/jquery","JavaScript",21,1,1,21,21,24
"GHSP0369","jruby/jruby","jruby/jruby","Ruby",24,1,1,24,24,24
"GHSP0370","jsbin/jsbin","jsbin/jsbin","JavaScript",2,1,0,2,2,24
"GHSP0371","jshint/jshint","jshint/jshint","JavaScript",1,0,0,1,1,24
"GHSP0372","jshttp/mime-db","jshttp/mime-db","JavaScript",7,1,0,7,7,24
"GHSP0373","json-api/json-api","json-api/json-api","CSS",7,1,0,7,7,24
"GHSP0374","juicedata/juicefs","juicedata/juicefs","Go",24,1,1,24,24,24
"GHSP0375","JuliaLang/julia","JuliaLang/julia","Julia",24,1,1,24,24,24
"GHSP0376","junegunn/fzf","junegunn/fzf","Go",24,1,1,24,24,24
"GHSP0377","junit-team/junit4","junit-team/junit4","Java",6,1,0,6,6,24
"GHSP0378","jupyterhub/jupyterhub","jupyterhub/jupyterhub","Python",20,1,1,20,20,24
"GHSP0379","karma-runner/karma","karma-runner/karma","JavaScript",0,0,0,0,0,24
"GHSP0380","karmada-io/karmada","karmada-io/karmada","Go",24,1,1,24,24,24
"GHSP0381","Kas-tle/java2bedrock.sh","Kas-tle/java2bedrock.sh","Shell",24,1,1,24,24,24
"GHSP0382","kcl-lang/kcl","kcl-lang/kcl","Rust",21,1,1,21,21,24
"GHSP0383","kedro-org/kedro","kedro-org/kedro","Python",24,1,1,24,24,24
"GHSP0384","kelseyhightower/confd","kelseyhightower/confd","Go",1,0,0,1,1,24
"GHSP0385","kenwheeler/slick","kenwheeler/slick","JavaScript",5,1,0,5,5,24
"GHSP0386","keystonejs/keystone","keystonejs/keystone","TypeScript",17,1,1,17,17,24
"GHSP0387","kif-framework/KIF","kif-framework/KIF","Objective-C",4,1,0,4,4,24
"GHSP0388","Kinto/kinto","Kinto/kinto","Python",9,1,0,9,9,24
"GHSP0389","kivy/kivy","kivy/kivy","Python",24,1,1,24,24,24
"GHSP0390","knockout/knockout","knockout/knockout","JavaScript",2,1,0,2,2,24
"GHSP0391","koajs/koa","koajs/koa","JavaScript",14,1,1,14,14,24
"GHSP0392","kptdev/kpt","kptdev/kpt","Go",8,1,0,8,8,24
"GHSP0393","kubean-io/kubean","kubean-io/kubean","Go",16,1,1,16,16,24
"GHSP0394","kubernetes-sigs/apiserver-network-proxy","kubernetes-sigs/apiserver-network-proxy","Go",13,1,1,13,13,24
"GHSP0395","kubernetes-sigs/karpenter","kubernetes-sigs/karpenter","Go",24,1,1,24,24,24
"GHSP0396","kubernetes-sigs/kwok","kubernetes-sigs/kwok","Go",18,1,1,18,18,24
"GHSP0397","kubernetes/kubeadm","kubernetes/kubeadm","Go",24,1,1,24,24,24
"GHSP0398","kubernetes/kubernetes","kubernetes/kubernetes","Go",24,1,1,24,24,24
"GHSP0399","kubernetes/minikube","kubernetes/minikube","Go",24,1,1,24,24,24
"GHSP0400","Kuingsmile/PicList","Kuingsmile/PicList","Vue",24,1,1,24,24,24
"GHSP0401","KusionStack/kusion","KusionStack/kusion","Go",17,1,1,17,17,24
"GHSP0402","labstack/echo","labstack/echo","Go",21,1,1,21,21,24
"GHSP0403","langchain-ai/langchain","langchain-ai/langchain","Python",24,1,1,24,24,24
"GHSP0404","langchain4j/langchain4j","langchain4j/langchain4j","Java",24,1,1,24,24,24
"GHSP0405","langgenius/dify","langgenius/dify","TypeScript",24,1,1,24,24,24
"GHSP0406","langhuihui/jessibuca","langhuihui/jessibuca","C",21,1,1,21,21,24
"GHSP0407","laoshanxi/app-mesh","laoshanxi/app-mesh","C++",7,1,0,7,7,24
"GHSP0408","laravel/framework","laravel/framework","PHP",24,1,1,24,24,24
"GHSP0409","layui/layui","layui/layui","JavaScript",24,1,1,24,24,24
"GHSP0410","LazyVim/LazyVim","LazyVim/LazyVim","Lua",24,1,1,24,24,24
"GHSP0411","Leaflet/Leaflet","Leaflet/Leaflet","JavaScript",24,1,1,24,24,24
"GHSP0412","leanprover/lean4","leanprover/lean4","Lean",24,1,1,24,24,24
"GHSP0413","leizongmin/js-xss","leizongmin/js-xss","HTML",0,0,0,0,0,24
"GHSP0414","leonchen83/redis-replicator","leonchen83/redis-replicator","Java",3,1,0,3,3,24
"GHSP0415","less/less.js","less/less.js","JavaScript",6,1,0,6,6,24
"GHSP0416","lf-edge/eve","lf-edge/eve","Go",11,1,0,11,11,24
"GHSP0417","LibChecker/LibChecker","LibChecker/LibChecker","Kotlin",23,1,1,23,23,24
"GHSP0418","LibChecker/LibChecker-Rules","LibChecker/LibChecker-Rules","Python",24,1,1,24,24,24
"GHSP0419","libgd/libgd","libgd/libgd","C",4,1,0,4,4,24
"GHSP0420","libgdx/libgdx","libgdx/libgdx","Java",23,1,1,23,23,24
"GHSP0421","libgit2/libgit2","libgit2/libgit2","C",18,1,1,18,18,24
"GHSP0422","libp2p/go-libp2p","libp2p/go-libp2p","Go",20,1,1,20,20,24
"GHSP0423","libp2p/js-libp2p","libp2p/js-libp2p","TypeScript",21,1,1,21,21,24
"GHSP0424","libp2p/rust-libp2p","libp2p/rust-libp2p","Rust",21,1,1,21,21,24
"GHSP0425","librariesio/libraries.io","librariesio/libraries.io","Ruby",4,1,0,4,4,24
"GHSP0426","libuv/libuv","libuv/libuv","C",23,1,1,23,23,24
"GHSP0427","lightningnetwork/lnd","lightningnetwork/lnd","Go",24,1,1,24,24,24
"GHSP0428","linnovate/mean","linnovate/mean","TypeScript",0,0,0,0,0,24
"GHSP0429","linuxmint/cinnamon-spices-applets","linuxmint/cinnamon-spices-applets","JavaScript",24,1,1,24,24,24
"GHSP0430","LinuxSuRen/api-testing","LinuxSuRen/api-testing","Go",12,1,1,12,12,24
"GHSP0431","lllyasviel/ControlNet","lllyasviel/ControlNet","Python",9,1,0,9,9,24
"GHSP0432","llvm/llvm-project","llvm/llvm-project","LLVM",24,1,1,24,24,24
"GHSP0433","locustio/locust","locustio/locust","Python",22,1,1,22,22,24
"GHSP0434","lodash/lodash","lodash/lodash","JavaScript",18,1,1,18,18,24
"GHSP0435","loggie-io/loggie","loggie-io/loggie","Go",2,1,0,2,2,24
"GHSP0436","lostisland/faraday","lostisland/faraday","Ruby",12,1,1,12,12,24
"GHSP0437","lra/mackup","lra/mackup","Python",9,1,0,9,9,24
"GHSP0438","madler/zlib","madler/zlib","C",19,1,1,19,19,24
"GHSP0439","madrobby/zepto","madrobby/zepto","HTML",0,0,0,0,0,24
"GHSP0440","magento/magento2","magento/magento2","PHP",24,1,1,24,24,24
"GHSP0441","MahApps/MahApps.Metro","MahApps/MahApps.Metro","C#",13,1,1,13,13,24
"GHSP0442","mail-in-a-box/mailinabox","mail-in-a-box/mailinabox","Python",16,1,1,16,16,24
"GHSP0443","manateelazycat/lsp-bridge","manateelazycat/lsp-bridge","Emacs Lisp",23,1,1,23,23,24
"GHSP0444","maplibre/maplibre-gl-js","maplibre/maplibre-gl-js","TypeScript",24,1,1,24,24,24
"GHSP0445","marionettejs/backbone.marionette","marionettejs/backbone.marionette","JavaScript",0,0,0,0,0,24
"GHSP0446","marko-js/marko","marko-js/marko","JavaScript",15,1,1,15,15,24
"GHSP0447","material-components/material-web","material-components/material-web","SCSS",18,1,1,18,18,24
"GHSP0448","mathjax/MathJax","mathjax/MathJax","JavaScript",24,1,1,24,24,24
"GHSP0449","matplotlib/matplotlib","matplotlib/matplotlib","Python",24,1,1,24,24,24
"GHSP0450","mckaywrigley/chatbot-ui","mckaywrigley/chatbot-ui","TypeScript",11,1,0,11,11,24
"GHSP0451","meow-edit/meow","meow-edit/meow","Emacs Lisp",18,1,1,18,18,24
"GHSP0452","metabase/metabase","metabase/metabase","Clojure",24,1,1,24,24,24
"GHSP0453","meteor/meteor","meteor/meteor","JavaScript",21,1,1,21,21,24
"GHSP0454","micropython/micropython","micropython/micropython","C",24,1,1,24,24,24
"GHSP0455","microsoft/react-native-windows","microsoft/react-native-windows","C++",24,1,1,24,24,24
"GHSP0456","microsoft/rushstack","microsoft/rushstack","TypeScript",22,1,1,22,22,24
"GHSP0457","microsoft/semantic-kernel","microsoft/semantic-kernel","C#",23,1,1,23,23,24
"GHSP0458","middleman/middleman","middleman/middleman","Ruby",10,1,0,10,10,24
"GHSP0459","mikel/mail","mikel/mail","Ruby",4,1,0,4,4,24
"GHSP0460","mishoo/UglifyJS","mishoo/UglifyJS","JavaScript",9,1,0,9,9,24
"GHSP0461","mitmproxy/mitmproxy","mitmproxy/mitmproxy","Python",24,1,1,24,24,24
"GHSP0462","mixpanel/panel","mixpanel/panel","JavaScript",0,0,0,0,0,0
"GHSP0463","mjmlio/mjml","mjmlio/mjml","JavaScript",20,1,1,20,20,24
"GHSP0464","mlogclub/bbs-go","mlogclub/bbs-go","TypeScript",8,1,0,8,8,24
"GHSP0465","mlpack/mlpack","mlpack/mlpack","C++",22,1,1,22,22,24
"GHSP0466","mobile-shell/mosh","mobile-shell/mosh","C++",8,1,0,8,8,24
"GHSP0467","mochajs/mocha","mochajs/mocha","JavaScript",23,1,1,23,23,24
"GHSP0468","mockito/mockito","mockito/mockito","Java",21,1,1,21,21,24
"GHSP0469","modAL-python/modAL","modAL-python/modAL","Python",0,0,0,0,0,24
"GHSP0470","Modernizr/Modernizr","Modernizr/Modernizr","JavaScript",7,1,0,7,7,24
"GHSP0471","mojotech/torch","mojotech/torch","Elixir",4,1,0,4,4,24
"GHSP0472","moment/moment","moment/moment","JavaScript",12,1,1,12,12,24
"GHSP0473","monero-project/monero","monero-project/monero","C++",24,1,1,24,24,24
"GHSP0474","mono/mono","mono/mono","C#",12,1,1,12,12,24
"GHSP0475","Moonofweisheng/wot-design-uni","Moonofweisheng/wot-design-uni","TypeScript",23,1,1,23,23,24
"GHSP0476","mootools/mootools-core","mootools/mootools-core","JavaScript",3,1,0,3,3,24
"GHSP0477","mopidy/mopidy","mopidy/mopidy","Python",11,1,0,11,11,24
"GHSP0478","mosn/htnn","mosn/htnn","Go",11,1,0,11,11,24
"GHSP0479","mosn/layotto","mosn/layotto","Go",5,1,0,5,5,24
"GHSP0480","MountainDash/nonebot-bison","MountainDash/nonebot-bison","Python",13,1,1,13,13,24
"GHSP0481","MountainDash/nonebot-plugin-send-anything-anywhere","MountainDash/nonebot-plugin-send-anything-anywhere","Python",5,1,0,5,5,24
"GHSP0482","Moya/Moya","Moya/Moya","Swift",4,1,0,4,4,24
"GHSP0483","mozilla/nunjucks","mozilla/nunjucks","JavaScript",4,1,0,4,4,24
"GHSP0484","mozilla/pdf.js","mozilla/pdf.js","JavaScript",24,1,1,24,24,24
"GHSP0485","mpv-player/mpv","mpv-player/mpv","C",24,1,1,24,24,24
"GHSP0486","mrdoob/three.js","mrdoob/three.js","JavaScript",24,1,1,24,24,24
"GHSP0487","mruby/mruby","mruby/mruby","C",21,1,1,21,21,24
"GHSP0488","msgbyte/tailchat","msgbyte/tailchat","TypeScript",11,1,0,11,11,24
"GHSP0489","mwaskom/seaborn","mwaskom/seaborn","Python",22,1,1,22,22,24
"GHSP0490","mxcl/PromiseKit","mxcl/PromiseKit","Swift",3,1,0,3,3,24
"GHSP0491","mybatis/mybatis-3","mybatis/mybatis-3","Java",22,1,1,22,22,24
"GHSP0492","MyCATApache/Mycat-Server","MyCATApache/Mycat-Server","Java",1,0,0,1,1,24
"GHSP0493","napari/napari","napari/napari","Python",24,1,1,24,24,24
"GHSP0494","NativeScript/NativeScript","NativeScript/NativeScript","TypeScript",17,1,1,17,17,24
"GHSP0495","nats-io/nats-server","nats-io/nats-server","Go",23,1,1,23,23,24
"GHSP0496","near/nearcore","near/nearcore","Rust",22,1,1,22,22,24
"GHSP0497","neo4j/neo4j","neo4j/neo4j","Java",24,1,1,24,24,24
"GHSP0498","neovim/neovim","neovim/neovim","Vim Script",24,1,1,24,24,24
"GHSP0499","netease-youdao/QAnything","netease-youdao/QAnything","Python",15,1,1,15,15,24
"GHSP0500","Netflix/Hystrix","Netflix/Hystrix","Java",5,1,0,5,5,24
"GHSP0501","netless-io/flat","netless-io/flat","TypeScript",11,1,0,11,11,24
"GHSP0502","netty/netty","netty/netty","Java",24,1,1,24,24,24
"GHSP0503","networkx/networkx","networkx/networkx","Python",24,1,1,24,24,24
"GHSP0504","neuronetio/gantt-schedule-timeline-calendar","neuronetio/gantt-schedule-timeline-calendar","TypeScript",9,1,0,9,9,24
"GHSP0505","neutrinolabs/xrdp","neutrinolabs/xrdp","C",22,1,1,22,22,24
"GHSP0506","nextcloud/server","nextcloud/server","PHP",24,1,1,24,24,24
"GHSP0507","nginx/kubernetes-ingress","nginx/kubernetes-ingress","Go",24,1,1,24,24,24
"GHSP0508","nginx/nginx-gateway-fabric","nginx/nginx-gateway-fabric","Go",24,1,1,24,24,24
"GHSP0509","nicklockwood/iCarousel","nicklockwood/iCarousel","Objective-C",2,1,0,2,2,24
"GHSP0510","nicolargo/glances","nicolargo/glances","Python",24,1,1,24,24,24
"GHSP0511","nightwatchjs/nightwatch","nightwatchjs/nightwatch","JavaScript",15,1,1,15,15,24
"GHSP0512","nim-lang/Nim","nim-lang/Nim","Nim",24,1,1,24,24,24
"GHSP0513","nimiq/core-rs-albatross","nimiq/core-rs-albatross","Rust",20,1,1,20,20,24
"GHSP0514","ninenines/cowboy","ninenines/cowboy","Erlang",14,1,1,14,14,24
"GHSP0515","nlohmann/json","nlohmann/json","C++",21,1,1,21,21,24
"GHSP0516","nltk/nltk","nltk/nltk","Python",23,1,1,23,23,24
"GHSP0517","node-red/node-red","node-red/node-red","JavaScript",24,1,1,24,24,24
"GHSP0518","NodeBB/NodeBB","NodeBB/NodeBB","JavaScript",24,1,1,24,24,24
"GHSP0519","nodegit/nodegit","nodegit/nodegit","JavaScript",6,1,0,6,6,24
"GHSP0520","nodejs/node","nodejs/node","JavaScript",24,1,1,24,24,24
"GHSP0521","nolimits4web/swiper","nolimits4web/swiper","TypeScript",21,1,1,21,21,24
"GHSP0522","norman/friendly_id","norman/friendly_id","Ruby",1,0,0,1,1,24
"GHSP0523","notepad-plus-plus/notepad-plus-plus","notepad-plus-plus/notepad-plus-plus","C++",24,1,1,24,24,24
"GHSP0524","nothings/stb","nothings/stb","C",14,1,1,14,14,24
"GHSP0525","novus/nvd3","novus/nvd3","JavaScript",1,0,0,1,1,24
"GHSP0526","nrwl/nx","nrwl/nx","TypeScript",24,1,1,24,24,24
"GHSP0527","nsqio/nsq","nsqio/nsq","Go",10,1,0,10,10,24
"GHSP0528","nteract/nteract","nteract/nteract","Rust",1,0,0,1,1,24
"GHSP0529","ntucllab/libact","ntucllab/libact","Python",0,0,0,0,0,24
"GHSP0530","numpy/numpy","numpy/numpy","Python",24,1,1,24,24,24
"GHSP0531","nvbn/thefuck","nvbn/thefuck","Python",6,1,0,6,6,24
"GHSP0532","NVIDIA/apex","NVIDIA/apex","Python",14,1,1,14,14,24
"GHSP0533","NVIDIA/cccl","NVIDIA/cccl","C++",24,1,1,24,24,24
"GHSP0534","NVIDIA/cuCollections","NVIDIA/cuCollections","Cuda",17,1,1,17,17,24
"GHSP0535","NVIDIA/cuda-quantum","NVIDIA/cuda-quantum","C++",24,1,1,24,24,24
"GHSP0536","NVIDIA/cuda-samples","NVIDIA/cuda-samples","C++",16,1,1,16,16,24
"GHSP0537","NVIDIA/CUDALibrarySamples","NVIDIA/CUDALibrarySamples","Cuda",18,1,1,18,18,24
"GHSP0538","NVIDIA/cuQuantum","NVIDIA/cuQuantum","Jupyter Notebook",12,1,1,12,12,24
"GHSP0539","NVIDIA/cutlass","NVIDIA/cutlass","C++",24,1,1,24,24,24
"GHSP0540","NVIDIA/DALI","NVIDIA/DALI","C++",19,1,1,19,19,24
"GHSP0541","NVIDIA/FasterTransformer","NVIDIA/FasterTransformer","C++",1,0,0,1,1,24
"GHSP0542","NVIDIA/gpu-operator","NVIDIA/gpu-operator","Go",24,1,1,24,24,24
"GHSP0543","NVIDIA/jitify","NVIDIA/jitify","C++",2,1,0,2,2,24
"GHSP0544","NVIDIA/MatX","NVIDIA/MatX","C++",21,1,1,21,21,24
"GHSP0545","NVIDIA/Megatron-LM","NVIDIA/Megatron-LM","Python",24,1,1,24,24,24
"GHSP0546","NVIDIA/MinkowskiEngine","NVIDIA/MinkowskiEngine","Python",3,1,0,3,3,24
"GHSP0547","NVIDIA/nccl","NVIDIA/nccl","C++",24,1,1,24,24,24
"GHSP0548","NVIDIA/nvbench","NVIDIA/nvbench","Cuda",10,1,0,10,10,24
"GHSP0549","NVIDIA/open-gpu-kernel-modules","NVIDIA/open-gpu-kernel-modules","C",24,1,1,24,24,24
"GHSP0550","NVIDIA/TensorRT","NVIDIA/TensorRT","C++",24,1,1,24,24,24
"GHSP0551","NVIDIA/TensorRT-LLM","NVIDIA/TensorRT-LLM","Python",24,1,1,24,24,24
"GHSP0552","NVIDIA/TransformerEngine","NVIDIA/TransformerEngine","Python",24,1,1,24,24,24
"GHSP0553","nwjs/nw.js","nwjs/nw.js","JavaScript",19,1,1,19,19,24
"GHSP0554","OAI/OpenAPI-Specification","OAI/OpenAPI-Specification","Markdown",24,1,1,24,24,24
"GHSP0555","oceanbase/oceanbase","oceanbase/oceanbase","C++",23,1,1,23,23,24
"GHSP0556","ocornut/imgui","ocornut/imgui","C++",24,1,1,24,24,24
"GHSP0557","octobercms/october","octobercms/october","PHP",24,1,1,24,24,24
"GHSP0558","odoo/odoo","odoo/odoo","Python",24,1,1,24,24,24
"GHSP0559","OldPanda/Open-the-F-king-URL-Right-Now","OldPanda/Open-the-F-king-URL-Right-Now","JavaScript",9,1,0,9,12,21
"GHSP0560","ollama/ollama","ollama/ollama","Go",24,1,1,24,24,24
"GHSP0561","onevcat/Kingfisher","onevcat/Kingfisher","Swift",18,1,1,18,18,24
"GHSP0562","onflow/flow","onflow/flow","Go",1,0,0,1,1,24
"GHSP0563","OnsenUI/OnsenUI","OnsenUI/OnsenUI","JavaScript",6,1,0,6,6,24
"GHSP0564","opal/opal","opal/opal","Ruby",8,1,0,8,8,24
"GHSP0565","Open-CAS/ocf","Open-CAS/ocf","C",4,1,0,4,4,24
"GHSP0566","openai/chatgpt-retrieval-plugin","openai/chatgpt-retrieval-plugin","Python",5,1,0,5,5,24
"GHSP0567","openai/evals","openai/evals","Python",8,1,0,8,8,24
"GHSP0568","openbao/openbao","openbao/openbao","Go",24,1,1,24,24,24
"GHSP0569","opencart/opencart","opencart/opencart","PHP",21,1,1,21,21,24
"GHSP0570","opencast/opencast","opencast/opencast","Java",20,1,1,20,20,24
"GHSP0571","opencontainers/runc","opencontainers/runc","Go",19,1,1,19,19,24
"GHSP0572","opendcim/openDCIM","opendcim/openDCIM","PHP",10,1,0,10,10,24
"GHSP0573","openframeworks/openFrameworks","openframeworks/openFrameworks","C++",20,1,1,20,20,24
"GHSP0574","opengoofy/hippo4j","opengoofy/hippo4j","Java",7,1,0,7,7,24
"GHSP0575","openjdk/jdk","openjdk/jdk","Java",0,0,0,0,0,0
"GHSP0576","OpenRA/OpenRA","OpenRA/OpenRA","C#",23,1,1,23,23,24
"GHSP0577","OpenRefine/OpenRefine","OpenRefine/OpenRefine","Java",22,1,1,22,22,24
"GHSP0578","openresty/lua-nginx-module","openresty/lua-nginx-module","C",13,1,1,13,13,24
"GHSP0579","opensearch-project/OpenSearch","opensearch-project/OpenSearch","Java",24,1,1,24,24,24
"GHSP0580","opensource-f2f/episode","opensource-f2f/episode","Go Template",6,1,0,6,6,24
"GHSP0581","openssl/openssl","openssl/openssl","C",24,1,1,24,24,24
"GHSP0582","openstreetmap/iD","openstreetmap/iD","JavaScript",24,1,1,24,24,24
"GHSP0583","opensumi/core","opensumi/core","TypeScript",20,1,1,20,20,24
"GHSP0584","openSUSE/open-build-service","openSUSE/open-build-service","Ruby",24,1,1,24,24,24
"GHSP0585","OpenTenBase/OpenTenBase","OpenTenBase/OpenTenBase","C",3,1,0,3,3,24
"GHSP0586","opentiny/tiny-vue","opentiny/tiny-vue","Less",23,1,1,23,23,24
"GHSP0587","openucx/ucx","openucx/ucx","C",21,1,1,21,21,24
"GHSP0588","openwrt/openwrt","openwrt/openwrt","C",24,1,1,24,24,24
"GHSP0589","openzipkin/zipkin","openzipkin/zipkin","Java",6,1,0,6,6,24
"GHSP0590","orientechnologies/orientdb","orientechnologies/orientdb","Java",14,1,1,14,14,24
"GHSP0591","originjs/vite-plugin-federation","originjs/vite-plugin-federation","TypeScript",8,1,0,8,8,24
"GHSP0592","oss-compass/compass-metrics-model","oss-compass/compass-metrics-model","Python",2,1,0,2,2,23
"GHSP0593","oss-compass/compass-web","oss-compass/compass-web","TypeScript",5,1,0,5,5,24
"GHSP0594","oss-review-toolkit/ort","oss-review-toolkit/ort","Kotlin",22,1,1,22,22,24
"GHSP0595","ossf/criticality_score","ossf/criticality_score","Go",2,1,0,2,2,24
"GHSP0596","ossf/scorecard","ossf/scorecard","Go",21,1,1,21,21,24
"GHSP0597","ossrs/srs","ossrs/srs","C++",24,1,1,24,24,24
"GHSP0598","owncloud/core","owncloud/core","PHP",20,1,1,20,20,24
"GHSP0599","padrino/padrino-framework","padrino/padrino-framework","Ruby",5,1,0,5,5,24
"GHSP0600","PanJiaChen/vue-element-admin","PanJiaChen/vue-element-admin","Vue",7,1,0,7,7,24
"GHSP0601","panpf/sketch","panpf/sketch","Kotlin",20,1,1,20,20,24
"GHSP0602","paperjs/paper.js","paperjs/paper.js","JavaScript",4,1,0,4,4,24
"GHSP0603","paramiko/paramiko","paramiko/paramiko","Python",15,1,1,15,15,24
"GHSP0604","PCRE2Project/pcre2","PCRE2Project/pcre2","C",23,1,1,23,23,24
"GHSP0605","pennersr/django-allauth","pennersr/django-allauth","Python",19,1,1,19,19,24
"GHSP0606","petkaantonov/bluebird","petkaantonov/bluebird","JavaScript",1,0,0,1,1,24
"GHSP0607","phalcon/cphalcon","phalcon/cphalcon","PHP",19,1,1,19,19,24
"GHSP0608","philc/vimium","philc/vimium","JavaScript",24,1,1,24,24,24
"GHSP0609","PhilJay/MPAndroidChart","PhilJay/MPAndroidChart","Java",6,1,0,6,6,24
"GHSP0610","phodal/auto-dev","phodal/auto-dev","Kotlin",24,1,1,24,24,24
"GHSP0611","phoenixframework/phoenix","phoenixframework/phoenix","Elixir",23,1,1,23,23,24
"GHSP0612","photoprism/photoprism","photoprism/photoprism","Go",24,1,1,24,24,24
"GHSP0613","PHPMailer/PHPMailer","PHPMailer/PHPMailer","PHP",24,1,1,24,24,24
"GHSP0614","pig-mesh/pig","pig-mesh/pig","Java",8,1,0,8,8,24
"GHSP0615","pingcap/tidb","pingcap/tidb","Go",24,1,1,24,24,24
"GHSP0616","piskvorky/gensim","piskvorky/gensim","Python",11,1,0,11,11,24
"GHSP0617","planety/prologue","planety/prologue","Nim",4,1,0,4,4,24
"GHSP0618","player-ui/player","player-ui/player","TypeScript",14,1,1,14,14,24
"GHSP0619","playframework/playframework","playframework/playframework","Scala",16,1,1,16,16,24
"GHSP0620","plotly/plotly.js","plotly/plotly.js","JavaScript",22,1,1,22,22,24
"GHSP0621","Polymer/polymer","Polymer/polymer","HTML",0,0,0,0,0,24
"GHSP0622","postcss/postcss","postcss/postcss","TypeScript",15,1,1,15,15,24
"GHSP0623","PowerJob/PowerJob","PowerJob/PowerJob","Java",20,1,1,20,20,24
"GHSP0624","powerline/powerline","powerline/powerline","Python",5,1,0,5,5,24
"GHSP0625","prawnpdf/prawn","prawnpdf/prawn","Ruby",7,1,0,7,7,24
"GHSP0626","presidentbeef/brakeman","presidentbeef/brakeman","Ruby",19,1,1,19,19,24
"GHSP0627","prestodb/presto","prestodb/presto","Java",24,1,1,24,24,24
"GHSP0628","prettier/prettier","prettier/prettier","JavaScript",24,1,1,24,24,24
"GHSP0629","PrismJS/prism","PrismJS/prism","JavaScript",8,1,0,8,8,24
"GHSP0630","processing/p5.js","processing/p5.js","JavaScript",24,1,1,24,24,24
"GHSP0631","processing/processing","processing/processing","Java",2,1,0,2,2,24
"GHSP0632","processone/ejabberd","processone/ejabberd","Erlang",23,1,1,23,23,24
"GHSP0633","project-copacetic/copacetic","project-copacetic/copacetic","Go",24,1,1,24,24,24
"GHSP0634","prometheus/prometheus","prometheus/prometheus","Go",24,1,1,24,24,24
"GHSP0635","pry/pry","pry/pry","Ruby",8,1,0,8,8,24
"GHSP0636","puma/puma","puma/puma","Ruby",20,1,1,20,20,24
"GHSP0637","purescript/purescript","purescript/purescript","Haskell",9,1,0,9,9,24
"GHSP0638","PX4/PX4-Autopilot","PX4/PX4-Autopilot","C++",24,1,1,24,24,24
"GHSP0639","pypa/pip","pypa/pip","Python",24,1,1,24,24,24
"GHSP0640","PyTables/PyTables","PyTables/PyTables","Python",15,1,1,15,15,24
"GHSP0641","python-pillow/Pillow","python-pillow/Pillow","Python",24,1,1,24,24,24
"GHSP0642","pytorch/pytorch","pytorch/pytorch","Python",24,1,1,24,24,24
"GHSP0643","qax-os/excelize","qax-os/excelize","Go",23,1,1,23,23,24
"GHSP0644","QL-Win/QuickLook","QL-Win/QuickLook","C#",23,1,1,23,23,24
"GHSP0645","QuantEcon/QuantEcon.py","QuantEcon/QuantEcon.py","Python",10,1,0,10,10,24
"GHSP0646","quantopian/zipline","quantopian/zipline","Python",0,0,0,0,0,24
"GHSP0647","QwenLM/Qwen","QwenLM/Qwen","Python",23,1,1,23,23,24
"GHSP0648","rabbitmq/rabbitmq-server","rabbitmq/rabbitmq-server","JavaScript",24,1,1,24,24,24
"GHSP0649","rack/rack","rack/rack","Ruby",19,1,1,19,19,24
"GHSP0650","ractivejs/ractive","ractivejs/ractive","JavaScript",5,1,0,5,5,24
"GHSP0651","rails-api/active_model_serializers","rails-api/active_model_serializers","Ruby",4,1,0,4,4,24
"GHSP0652","rails/rails","rails/rails","Ruby",24,1,1,24,24,24
"GHSP0653","ramda/ramda","ramda/ramda","JavaScript",10,1,0,10,10,24
"GHSP0654","rancher/rancher","rancher/rancher","Go",24,1,1,24,24,24
"GHSP0655","rapid7/metasploit-framework","rapid7/metasploit-framework","Ruby",24,1,1,24,24,24
"GHSP0656","raspberrypi/linux","raspberrypi/linux","C",24,1,1,24,24,24
"GHSP0657","rbenv/ruby-build","rbenv/ruby-build","Shell",20,1,1,20,20,24
"GHSP0658","react-bootstrap/react-bootstrap","react-bootstrap/react-bootstrap","TypeScript",22,1,1,22,22,24
"GHSP0659","react-toolbox/react-toolbox","react-toolbox/react-toolbox","JavaScript",0,0,0,0,0,24
"GHSP0660","reactive/data-client","reactive/data-client","TypeScript",2,1,0,2,2,24
"GHSP0661","reactiveui/ReactiveUI","reactiveui/ReactiveUI","C#",19,1,1,19,19,24
"GHSP0662","ReactiveX/RxJava","ReactiveX/RxJava","Java",17,1,1,17,17,24
"GHSP0663","ReactiveX/RxSwift","ReactiveX/RxSwift","Swift",16,1,1,16,16,24
"GHSP0664","reactjs/react-rails","reactjs/react-rails","JavaScript",4,1,0,4,4,24
"GHSP0665","realm/jazzy","realm/jazzy","Ruby",12,1,1,12,12,24
"GHSP0666","realm/SwiftLint","realm/SwiftLint","Swift",24,1,1,24,24,24
"GHSP0667","redis/redis-rb","redis/redis-rb","Ruby",12,1,1,12,12,24
"GHSP0668","refinery/refinerycms","refinery/refinerycms","Ruby",1,0,0,1,1,24
"GHSP0669","remy/nodemon","remy/nodemon","JavaScript",18,1,1,18,18,24
"GHSP0670","request/request","request/request","JavaScript",4,1,0,4,4,24
"GHSP0671","research-software-directory/RSD-as-a-service","research-software-directory/RSD-as-a-service","TypeScript",24,1,1,24,24,24
"GHSP0672","ResearchKit/ResearchKit","ResearchKit/ResearchKit","Objective-C",6,1,0,6,6,24
"GHSP0673","resque/resque","resque/resque","Ruby",4,1,0,4,4,24
"GHSP0674","RestKit/RestKit","RestKit/RestKit","Objective-C",0,0,0,0,0,24
"GHSP0675","restsharp/RestSharp","restsharp/RestSharp","C#",18,1,1,18,18,24
"GHSP0676","RetroPie/RetroPie-Setup","RetroPie/RetroPie-Setup","Shell",17,1,1,17,17,24
"GHSP0677","riscv/riscv-isa-manual","riscv/riscv-isa-manual","TeX",24,1,1,24,24,24
"GHSP0678","RobertCraigie/pyright-python","RobertCraigie/pyright-python","Python",11,1,0,11,11,24
"GHSP0679","rocboss/paopao-ce","rocboss/paopao-ce","Go",0,0,0,0,0,24
"GHSP0680","RocketChat/Rocket.Chat","RocketChat/Rocket.Chat","TypeScript",24,1,1,24,24,24
"GHSP0681","rollup/rollup","rollup/rollup","JavaScript",24,1,1,24,24,24
"GHSP0682","roots/sage","roots/sage","PHP",11,1,0,11,11,24
"GHSP0683","rqlite/rqlite","rqlite/rqlite","Go",23,1,1,23,23,24
"GHSP0684","rspec/rspec-rails","rspec/rspec-rails","Ruby",14,1,1,14,14,24
"GHSP0685","RubixML/ML","RubixML/ML","PHP",6,1,0,6,6,24
"GHSP0686","ruby-grape/grape","ruby-grape/grape","Ruby",20,1,1,20,20,24
"GHSP0687","rust-lang/rust","rust-lang/rust","Rust",24,1,1,24,24,24
"GHSP0688","rustdesk/rustdesk","rustdesk/rustdesk","Rust",24,1,1,24,24,24
"GHSP0689","rustfs/rustfs","rustfs/rustfs","Rust",9,1,0,9,10,18
"GHSP0690","RVC-Project/Retrieval-based-Voice-Conversion-WebUI","RVC-Project/Retrieval-based-Voice-Conversion-WebUI","Python",23,1,1,23,23,24
"GHSP0691","rvm/rvm","rvm/rvm","Shell",14,1,1,14,14,24
"GHSP0692","rwaldron/johnny-five","rwaldron/johnny-five","JavaScript",1,0,0,1,1,24
"GHSP0693","sahat/hackathon-starter","sahat/hackathon-starter","JavaScript",9,1,0,9,9,24
"GHSP0694","saltstack/salt","saltstack/salt","Python",24,1,1,24,24,24
"GHSP0695","sameersbn/docker-gitlab","sameersbn/docker-gitlab","Shell",18,1,1,18,18,24
"GHSP0696","sammycage/lunasvg","sammycage/lunasvg","C",20,1,1,20,20,24
"GHSP0697","samuelclay/NewsBlur","samuelclay/NewsBlur","Python",22,1,1,22,22,24
"GHSP0698","sandstorm-io/sandstorm","sandstorm-io/sandstorm","JavaScript",2,1,0,2,2,24
"GHSP0699","sbt/sbt","sbt/sbt","Scala",24,1,1,24,24,24
"GHSP0700","scala-js/scala-js","scala-js/scala-js","Scala",21,1,1,21,21,24
"GHSP0701","scalaz/scalaz","scalaz/scalaz","Scala",0,0,0,0,0,24
"GHSP0702","scikit-learn/scikit-learn","scikit-learn/scikit-learn","Python",24,1,1,24,24,24
"GHSP0703","scipy/scipy","scipy/scipy","Python",24,1,1,24,24,24
"GHSP0704","scrapy/scrapy","scrapy/scrapy","Python",24,1,1,24,24,24
"GHSP0705","scribejava/scribejava","scribejava/scribejava","Java",1,0,0,1,1,24
"GHSP0706","seajs/seajs","seajs/seajs","JavaScript",0,0,0,0,0,24
"GHSP0707","sebastianbergmann/phpunit","sebastianbergmann/phpunit","PHP",24,1,1,24,24,24
"GHSP0708","Seldaek/monolog","Seldaek/monolog","PHP",17,1,1,17,17,24
"GHSP0709","SeldonIO/seldon-core","SeldonIO/seldon-core","Go",5,1,0,5,5,24
"GHSP0710","select2/select2","select2/select2","JavaScript",14,1,1,14,14,24
"GHSP0711","SeleniumHQ/selenium","SeleniumHQ/selenium","Java",24,1,1,24,24,24
"GHSP0712","Semantic-Org/Semantic-UI","Semantic-Org/Semantic-UI","JavaScript",5,1,0,5,5,24
"GHSP0713","senchalabs/connect","senchalabs/connect","JavaScript",0,0,0,0,0,24
"GHSP0714","sequelize/sequelize","sequelize/sequelize","TypeScript",17,1,1,17,17,24
"GHSP0715","sermant-io/Sermant","sermant-io/Sermant","Java",19,1,1,19,19,24
"GHSP0716","serverless/serverless","serverless/serverless","JavaScript",24,1,1,24,24,24
"GHSP0717","seyhunak/twitter-bootstrap-rails","seyhunak/twitter-bootstrap-rails","HTML",1,0,0,1,1,24
"GHSP0718","SFML/SFML","SFML/SFML","C++",21,1,1,21,21,24
"GHSP0719","SFTtech/openage","SFTtech/openage","Python",10,1,0,10,10,24
"GHSP0720","sgl-project/sglang","sgl-project/sglang","Python",24,1,1,24,24,24
"GHSP0721","shadowsocks/shadowsocks-android","shadowsocks/shadowsocks-android","Kotlin",9,1,0,9,9,24
"GHSP0722","shadowsocks/shadowsocks-windows","shadowsocks/shadowsocks-windows","C#",14,1,1,14,14,24
"GHSP0723","ShareX/ShareX","ShareX/ShareX","C#",23,1,1,23,23,24
"GHSP0724","Shopify/liquid","Shopify/liquid","Ruby",9,1,0,9,9,24
"GHSP0725","sidekiq-cron/sidekiq-cron","sidekiq-cron/sidekiq-cron","Ruby",15,1,1,15,15,24
"GHSP0726","sidekiq-scheduler/sidekiq-scheduler","sidekiq-scheduler/sidekiq-scheduler","Ruby",6,1,0,6,6,24
"GHSP0727","SignalR/SignalR","SignalR/SignalR","C#",8,1,0,8,8,24
"GHSP0728","sigstore/cosign","sigstore/cosign","Go",22,1,1,22,22,24
"GHSP0729","simple-robot/simpler-robot","simple-robot/simpler-robot","Kotlin",13,1,1,13,13,24
"GHSP0730","sinatra/sinatra","sinatra/sinatra","Ruby",17,1,1,17,17,24
"GHSP0731","sinonjs/sinon","sinonjs/sinon","JavaScript",12,1,1,12,12,24
"GHSP0732","SirVer/ultisnips","SirVer/ultisnips","Python",10,1,0,10,10,24
"GHSP0733","siteserver/cms","siteserver/cms","JavaScript",10,1,0,10,10,24
"GHSP0734","sktime/sktime","sktime/sktime","Python",24,1,1,24,24,24
"GHSP0735","slime/slime","slime/slime","Common Lisp",16,1,1,16,16,24
"GHSP0736","slimphp/Slim","slimphp/Slim","PHP",14,1,1,14,14,24
"GHSP0737","smartcontractkit/chainlink","smartcontractkit/chainlink","Go",13,1,1,13,13,24
"GHSP0738","snowplow/snowplow","snowplow/snowplow","Scala",0,0,0,0,0,24
"GHSP0739","socketio/socket.io","socketio/socket.io","TypeScript",20,1,1,20,20,24
"GHSP0740","SoftEtherVPN/SoftEtherVPN","SoftEtherVPN/SoftEtherVPN","C",14,1,1,14,14,24
"GHSP0741","softonic/axios-retry","softonic/axios-retry","TypeScript",10,1,0,10,10,24
"GHSP0742","solidjs/solid","solidjs/solid","TypeScript",22,1,1,22,22,24
"GHSP0743","sorin-ionescu/prezto","sorin-ionescu/prezto","Shell",1,0,0,1,1,24
"GHSP0744","sparkle-project/Sparkle","sparkle-project/Sparkle","Objective-C",8,1,0,8,8,24
"GHSP0745","sparklemotion/nokogiri","sparklemotion/nokogiri","C",20,1,1,20,20,24
"GHSP0746","spidernet-io/spiderpool","spidernet-io/spiderpool","Go",24,1,1,24,24,24
"GHSP0747","spiral-project/ihatemoney","spiral-project/ihatemoney","Python",16,1,1,16,16,24
"GHSP0748","spotify/luigi","spotify/luigi","Python",12,1,1,12,12,24
"GHSP0749","spree/spree","spree/spree","Ruby",21,1,1,21,21,24
"GHSP0750","spring-projects/spring-ai","spring-projects/spring-ai","Java",24,1,1,24,24,24
"GHSP0751","spring-projects/spring-boot","spring-projects/spring-boot","Java",24,1,1,24,24,24
"GHSP0752","spring-projects/spring-framework","spring-projects/spring-framework","Java",24,1,1,24,24,24
"GHSP0753","sqlitebrowser/sqlitebrowser","sqlitebrowser/sqlitebrowser","C++",24,1,1,24,24,24
"GHSP0754","square/leakcanary","square/leakcanary","Kotlin",12,1,1,12,12,24
"GHSP0755","squizlabs/PHP_CodeSniffer","squizlabs/PHP_CodeSniffer","PHP",10,1,0,10,10,24
"GHSP0756","srikanth-lingala/zip4j","srikanth-lingala/zip4j","Java",3,1,0,3,3,24
"GHSP0757","StarRocks/starrocks","StarRocks/starrocks","Java",24,1,1,24,24,24
"GHSP0758","StevenBlack/hosts","StevenBlack/hosts","Python",24,1,1,24,24,24
"GHSP0759","stoneatom/stonedb","stoneatom/stonedb","C++",0,0,0,0,0,24
"GHSP0760","streamlit/streamlit","streamlit/streamlit","Python",24,1,1,24,24,24
"GHSP0761","stylus/stylus","stylus/stylus","JavaScript",6,1,0,6,6,24
"GHSP0762","sublimehq/Packages","sublimehq/Packages","Shell",21,1,1,21,21,24
"GHSP0763","summernote/summernote","summernote/summernote","JavaScript",15,1,1,15,15,24
"GHSP0764","sunny0826/kubecm","sunny0826/kubecm","Go",19,1,1,19,19,24
"GHSP0765","sunspot/sunspot","sunspot/sunspot","JavaScript",1,0,0,1,1,24
"GHSP0766","Supervisor/supervisor","Supervisor/supervisor","Python",18,1,1,18,18,24
"GHSP0767","sveltejs/svelte","sveltejs/svelte","JavaScript",24,1,1,24,24,24
"GHSP0768","svg/svgo","svg/svgo","JavaScript",17,1,1,17,17,24
"GHSP0769","swagger-api/swagger-core","swagger-api/swagger-core","Java",21,1,1,21,21,24
"GHSP0770","swc-project/swc","swc-project/swc","Rust",24,1,1,24,24,24
"GHSP0771","swoole/swoole-src","swoole/swoole-src","C++",23,1,1,23,23,24
"GHSP0772","syl20bnr/spacemacs","syl20bnr/spacemacs","Emacs Lisp",23,1,1,23,23,24
"GHSP0773","Sylius/Sylius","Sylius/Sylius","PHP",24,1,1,24,24,24
"GHSP0774","symfony/symfony","symfony/symfony","PHP",24,1,1,24,24,24
"GHSP0775","sympy/sympy","sympy/sympy","Python",24,1,1,24,24,24
"GHSP0776","syncthing/syncthing","syncthing/syncthing","Go",24,1,1,24,24,24
"GHSP0777","sysrepo/sysrepo","sysrepo/sysrepo","C",22,1,1,22,22,24
"GHSP0778","systemjs/systemjs","systemjs/systemjs","JavaScript",5,1,0,5,5,24
"GHSP0779","taigaio/taiga-back","taigaio/taiga-back","Python",5,1,0,5,5,24
"GHSP0780","taosdata/TDengine","taosdata/TDengine","C",24,1,1,24,24,24
"GHSP0781","tastejs/todomvc","tastejs/todomvc","JavaScript",4,1,0,4,4,24
"GHSP0782","tc39/ecma262","tc39/ecma262","HTML",22,1,1,22,22,24
"GHSP0783","telegramdesktop/tdesktop","telegramdesktop/tdesktop","C++",24,1,1,24,24,24
"GHSP0784","Tencent/APIJSON","Tencent/APIJSON","Java",19,1,1,19,19,24
"GHSP0785","Tencent/TBase","Tencent/TBase","C",3,1,0,3,3,24
"GHSP0786","Tencent/vap","Tencent/vap","Objective-C",3,1,0,3,3,24
"GHSP0787","Tencent/wcdb","Tencent/wcdb","C",24,1,1,24,24,24
"GHSP0788","tendermint/tendermint","tendermint/tendermint","Go",5,1,0,5,5,24
"GHSP0789","tensorflow/tensorflow","tensorflow/tensorflow","C++",24,1,1,24,24,24
"GHSP0790","tesseract-ocr/tesseract","tesseract-ocr/tesseract","C++",23,1,1,23,23,24
"GHSP0791","testem/testem","testem/testem","JavaScript",7,1,0,7,7,24
"GHSP0792","TheAlgorithms/Java","TheAlgorithms/Java","Java",23,1,1,23,23,24
"GHSP0793","Theano/Theano","Theano/Theano","Python",3,1,0,3,3,24
"GHSP0794","theforeman/foreman","theforeman/foreman","Ruby",0,0,0,0,0,0
"GHSP0795","thephpleague/flysystem","thephpleague/flysystem","PHP",17,1,1,17,17,24
"GHSP0796","thingsboard/thingsboard","thingsboard/thingsboard","Java",24,1,1,24,24,24
"GHSP0797","thingsboard/thingsboard-gateway","thingsboard/thingsboard-gateway","Python",24,1,1,24,24,24
"GHSP0798","THUDM/GLM","THUDM/GLM","Python",2,1,0,2,2,24
"GHSP0799","thumbor/thumbor","thumbor/thumbor","Python",13,1,1,13,13,24
"GHSP0800","tiddly-gittly/TidGi-Desktop","tiddly-gittly/TidGi-Desktop","TypeScript",19,1,1,19,19,24
"GHSP0801","tikv/pd","tikv/pd","Go",24,1,1,24,24,24
"GHSP0802","tilt-dev/tilt","tilt-dev/tilt","Go",21,1,1,21,21,24
"GHSP0803","timber/timber","timber/timber","PHP",19,1,1,19,19,24
"GHSP0804","tinacms/tinacms","tinacms/tinacms","TypeScript",24,1,1,24,24,24
"GHSP0805","tinymce/tinymce","tinymce/tinymce","TypeScript",22,1,1,22,22,24
"GHSP0806","tmux/tmux","tmux/tmux","C",24,1,1,24,24,24
"GHSP0807","toeverything/AFFiNE","toeverything/AFFiNE","TypeScript",24,1,1,24,24,24
"GHSP0808","Tongsuo-Project/Tongsuo","Tongsuo-Project/Tongsuo","C",16,1,1,16,16,24
"GHSP0809","top-think/framework","top-think/framework","PHP",22,1,1,22,22,24
"GHSP0810","top-think/think","top-think/think","PHP",4,1,0,4,4,24
"GHSP0811","top-think/think-orm","top-think/think-orm","PHP",19,1,1,19,19,24
"GHSP0812","tornadoweb/tornado","tornadoweb/tornado","Python",19,1,1,19,19,24
"GHSP0813","tpope/vim-fugitive","tpope/vim-fugitive","Vim Script",17,1,1,17,17,24
"GHSP0814","tqdm/tqdm","tqdm/tqdm","Python",5,1,0,5,5,24
"GHSP0815","trezor/trezor-suite","trezor/trezor-suite","TypeScript",24,1,1,24,24,24
"GHSP0816","TrinityCore/TrinityCore","TrinityCore/TrinityCore","C++",24,1,1,24,24,24
"GHSP0817","triton-inference-server/server","triton-inference-server/server","Python",24,1,1,24,24,24
"GHSP0818","tronprotocol/java-tron","tronprotocol/java-tron","Java",22,1,1,22,22,24
"GHSP0819","TryGhost/Ghost","TryGhost/Ghost","JavaScript",23,1,1,23,23,24
"GHSP0820","TuGraph-family/tugraph-db","TuGraph-family/tugraph-db","C++",20,1,1,20,20,24
"GHSP0821","tukaani-project/xz","tukaani-project/xz","C",17,1,1,17,17,24
"GHSP0822","tw93/Pake","tw93/Pake","Rust",24,1,1,24,24,24
"GHSP0823","twbs/bootstrap","twbs/bootstrap","MDX",24,1,1,24,24,24
"GHSP0824","tweepy/tweepy","tweepy/tweepy","Python",9,1,0,9,9,24
"GHSP0825","twigphp/Twig","twigphp/Twig","PHP",22,1,1,22,22,24
"GHSP0826","typeorm/typeorm","typeorm/typeorm","TypeScript",23,1,1,23,23,24
"GHSP0827","ufo5260987423/scheme-langserver","ufo5260987423/scheme-langserver","Scheme",0,0,0,0,0,0
"GHSP0828","uikit/uikit","uikit/uikit","HTML",16,1,1,16,16,24
"GHSP0829","ultralytics/ultralytics","ultralytics/ultralytics","Python",24,1,1,24,24,24
"GHSP0830","umijs/qiankun","umijs/qiankun","TypeScript",18,1,1,18,18,24
"GHSP0831","Unitech/pm2","Unitech/pm2","JavaScript",18,1,1,18,18,24
"GHSP0832","universal-ctags/citre","universal-ctags/citre","Emacs Lisp",7,1,0,7,7,24
"GHSP0833","utom/sketch-measure","utom/sketch-measure","HTML",0,0,0,0,0,24
"GHSP0834","v2ray/v2ray-core","v2ray/v2ray-core","Go",18,1,1,18,18,24
"GHSP0835","Varying-Vagrant-Vagrants/VVV","Varying-Vagrant-Vagrants/VVV","Shell",13,1,1,13,13,24
"GHSP0836","vechain/thor","vechain/thor","Go",7,1,0,7,7,24
"GHSP0837","vega/vega","vega/vega","JavaScript",14,1,1,14,14,24
"GHSP0838","videojs/video.js","videojs/video.js","JavaScript",20,1,1,20,20,24
"GHSP0839","vim-airline/vim-airline","vim-airline/vim-airline","Vim Script",21,1,1,21,21,24
"GHSP0840","vim/vim","vim/vim","Vim Script",24,1,1,24,24,24
"GHSP0841","VisActor/VTable","VisActor/VTable","TypeScript",24,1,1,24,24,24
"GHSP0842","vitalets/github-trending-repos","vitalets/github-trending-repos","HTML",3,1,0,3,3,24
"GHSP0843","vllm-project/vllm","vllm-project/vllm","Python",24,1,1,24,24,24
"GHSP0844","voidint/g","voidint/g","Go",12,1,1,12,12,24
"GHSP0845","vueComponent/ant-design-vue","vueComponent/ant-design-vue","Vue",24,1,1,24,24,24
"GHSP0846","vuejs/core","vuejs/core","TypeScript",24,1,1,24,24,24
"GHSP0847","vuejs/pinia","vuejs/pinia","TypeScript",22,1,1,22,22,24
"GHSP0848","vuejs/router","vuejs/router","TypeScript",22,1,1,22,22,24
"GHSP0849","vuejs/vue","vuejs/vue","TypeScript",6,1,0,6,6,24
"GHSP0850","vysheng/tg","vysheng/tg","C",4,1,0,4,4,24
"GHSP0851","wandb/wandb","wandb/wandb","Python",24,1,1,24,24,24
"GHSP0852","wanghongenpin/proxypin","wanghongenpin/proxypin","Dart",24,1,1,24,24,24
"GHSP0853","web-infra-dev/rsbuild","web-infra-dev/rsbuild","TypeScript",24,1,1,24,24,24
"GHSP0854","WeBankFinTech/fes.js","WeBankFinTech/fes.js","TypeScript",5,1,0,5,5,24
"GHSP0855","webpack/webpack","webpack/webpack","JavaScript",24,1,1,24,24,24
"GHSP0856","websockets/ws","websockets/ws","JavaScript",19,1,1,19,19,24
"GHSP0857","wekan/wekan","wekan/wekan","JavaScript",24,1,1,24,24,24
"GHSP0858","wenzhixin/bootstrap-table","wenzhixin/bootstrap-table","JavaScript",20,1,1,20,20,24
"GHSP0859","winstonjs/winston","winstonjs/winston","JavaScript",10,1,0,10,10,24
"GHSP0860","woutdp/live_svelte","woutdp/live_svelte","Elixir",15,1,1,15,15,24
"GHSP0861","Wox-launcher/Wox","Wox-launcher/Wox","Go",23,1,1,23,23,24
"GHSP0862","wp-cli/wp-cli","wp-cli/wp-cli","PHP",19,1,1,19,19,24
"GHSP0863","x-extends/vxe-table","x-extends/vxe-table","TypeScript",24,1,1,24,24,24
"GHSP0864","x-extends/xe-utils","x-extends/xe-utils","JavaScript",4,1,0,4,4,24
"GHSP0865","xbmc/xbmc","xbmc/xbmc","C++",24,1,1,24,24,24
"GHSP0866","xiangechen/chili3d","xiangechen/chili3d","TypeScript",10,1,0,10,10,24
"GHSP0867","XmirrorSecurity/OpenSCA-cli","XmirrorSecurity/OpenSCA-cli","Go",4,1,0,4,7,19
"GHSP0868","xpyjs/gantt","xpyjs/gantt","TypeScript",17,1,1,17,17,24
"GHSP0869","XRPLF/rippled","XRPLF/rippled","C++",19,1,1,19,19,24
"GHSP0870","xushengfeng/eSearch","xushengfeng/eSearch","TypeScript",22,1,1,22,22,24
"GHSP0871","xuxueli/xxl-job","xuxueli/xxl-job","Java",24,1,1,24,24,24
"GHSP0872","XX-net/XX-Net","XX-net/XX-Net","Python",13,1,1,13,13,24
"GHSP0873","yansongda/pay","yansongda/pay","PHP",18,1,1,18,18,24
"GHSP0874","yiisoft/yii","yiisoft/yii","PHP",9,1,0,9,9,24
"GHSP0875","yiisoft/yii2","yiisoft/yii2","PHP",23,1,1,23,23,24
"GHSP0876","yilozt/rounded-window-corners","yilozt/rounded-window-corners","TypeScript",2,1,0,2,2,24
"GHSP0877","zedeus/nitter","zedeus/nitter","Nim",17,1,1,17,17,24
"GHSP0878","zephyrproject-rtos/zephyr","zephyrproject-rtos/zephyr","C",24,1,1,24,24,24
"GHSP0879","zeromq/libzmq","zeromq/libzmq","C++",15,1,1,15,15,24
"GHSP0880","zloirock/core-js","zloirock/core-js","JavaScript",17,1,1,17,17,24
"GHSP0881","zulip/zulip","zulip/zulip","Python",24,1,1,24,24,24
"GHSP0882","Zxilly/UA2F","Zxilly/UA2F","C",12,1,1,12,12,24
