project_id,repo_name,full_exposure_36,r1d_source_status
"GHSP0003","33cn/chain33",1,"PRE_OUTCOME_STRUCTURAL_COVERAGE"
"GHSP0004","648540858/wvp-GB28181-pro",1,"PRE_OUTCOME_STRUCTURAL_COVERAGE"
"GHSP0005","abel533/Mapper",1,"PRE_OUTCOME_STRUCTURAL_COVERAGE"
"GHSP0006","aboutcode-org/scancode-toolkit",1,"PRE_OUTCOME_STRUCTURAL_COVERAGE"
"GHSP0007","actboy168/lua-debug",1,"PRE_OUTCOME_STRUCTURAL_COVERAGE"
"GHSP0008","activeadmin/activeadmin",1,"PRE_OUTCOME_STRUCTURAL_COVERAGE"
"GHSP0009","activemerchant/active_merchant",1,"PRE_OUTCOME_STRUCTURAL_COVERAGE"
"GHSP0010","activerecord-hackery/ransack",1,"PRE_OUTCOME_STRUCTURAL_COVERAGE"
"GHSP0011","adam-p/markdown-here",1,"PRE_OUTCOME_STRUCTURAL_COVERAGE"
"GHSP0012","aheckmann/gm",1,"PRE_OUTCOME_STRUCTURAL_COVERAGE"
"GHSP0013","Ahoo-Wang/CosId",1,"PRE_OUTCOME_STRUCTURAL_COVERAGE"
"GHSP0014","airbnb/javascript",1,"PRE_OUTCOME_STRUCTURAL_COVERAGE"
"GHSP0015","ajaxorg/ace",1,"PRE_OUTCOME_STRUCTURAL_COVERAGE"
"GHSP0016","Alamofire/Alamofire",1,"PRE_OUTCOME_STRUCTURAL_COVERAGE"
"GHSP0017","alerta/alerta",1,"PRE_OUTCOME_STRUCTURAL_COVERAGE"
"GHSP0018","alexreisner/geocoder",1,"PRE_OUTCOME_STRUCTURAL_COVERAGE"
"GHSP0019","algorand/go-algorand",1,"PRE_OUTCOME_STRUCTURAL_COVERAGE"
"GHSP0020","alibaba/druid",1,"PRE_OUTCOME_STRUCTURAL_COVERAGE"
"GHSP0021","alibaba/MNN",1,"PRE_OUTCOME_STRUCTURAL_COVERAGE"
"GHSP0022","alibaba/nacos",1,"PRE_OUTCOME_STRUCTURAL_COVERAGE"
"GHSP0023","alibaba/spring-cloud-alibaba",1,"PRE_OUTCOME_STRUCTURAL_COVERAGE"
"GHSP0024","alibaba/SREWorks",1,"PRE_OUTCOME_STRUCTURAL_COVERAGE"
"GHSP0025","alibaba/tengine",1,"PRE_OUTCOME_STRUCTURAL_COVERAGE"
"GHSP0026","alibaba/x-render",1,"PRE_OUTCOME_STRUCTURAL_COVERAGE"
"GHSP0027","Alluxio/alluxio",1,"PRE_OUTCOME_STRUCTURAL_COVERAGE"
"GHSP0028","alohaeditor/Aloha-Editor",1,"PRE_OUTCOME_STRUCTURAL_COVERAGE"
"GHSP0029","ampproject/amphtml",1,"PRE_OUTCOME_STRUCTURAL_COVERAGE"
"GHSP0030","amsul/pickadate.js",1,"PRE_OUTCOME_STRUCTURAL_COVERAGE"
"GHSP0031","angular/angular",1,"PRE_OUTCOME_STRUCTURAL_COVERAGE"
"GHSP0032","angular/components",1,"PRE_OUTCOME_STRUCTURAL_COVERAGE"
"GHSP0033","ankane/searchkick",1,"PRE_OUTCOME_STRUCTURAL_COVERAGE"
"GHSP0034","ansible/ansible",1,"PRE_OUTCOME_STRUCTURAL_COVERAGE"
"GHSP0035","ant-design/ant-design",1,"PRE_OUTCOME_STRUCTURAL_COVERAGE"
"GHSP0036","apache/arrow-rs",1,"PRE_OUTCOME_STRUCTURAL_COVERAGE"
"GHSP0037","apache/bookkeeper",1,"PRE_OUTCOME_STRUCTURAL_COVERAGE"
"GHSP0038","apache/buildstream",1,"PRE_OUTCOME_STRUCTURAL_COVERAGE"
"GHSP0039","apache/carbondata",1,"PRE_OUTCOME_STRUCTURAL_COVERAGE"
"GHSP0041","apache/cordova-android",1,"PRE_OUTCOME_STRUCTURAL_COVERAGE"
"GHSP0042","apache/cordova-browser",1,"PRE_OUTCOME_STRUCTURAL_COVERAGE"
"GHSP0043","apache/cordova-cli",1,"PRE_OUTCOME_STRUCTURAL_COVERAGE"
"GHSP0044","apache/cordova-coho",1,"PRE_OUTCOME_STRUCTURAL_COVERAGE"
"GHSP0045","apache/cordova-common",1,"PRE_OUTCOME_STRUCTURAL_COVERAGE"
"GHSP0046","apache/cordova-create",1,"PRE_OUTCOME_STRUCTURAL_COVERAGE"
"GHSP0047","apache/cordova-eslint",1,"PRE_OUTCOME_STRUCTURAL_COVERAGE"
"GHSP0048","apache/cordova-fetch",1,"PRE_OUTCOME_STRUCTURAL_COVERAGE"
"GHSP0049","apache/cordova-ios",1,"PRE_OUTCOME_STRUCTURAL_COVERAGE"
"GHSP0050","apache/cordova-lib",1,"PRE_OUTCOME_STRUCTURAL_COVERAGE"
"GHSP0051","apache/cordova-node-xcode",1,"PRE_OUTCOME_STRUCTURAL_COVERAGE"
"GHSP0052","apache/cordova-paramedic",1,"PRE_OUTCOME_STRUCTURAL_COVERAGE"
"GHSP0053","apache/cordova-plugin-battery-status",1,"PRE_OUTCOME_STRUCTURAL_COVERAGE"
"GHSP0054","apache/cordova-plugin-camera",1,"PRE_OUTCOME_STRUCTURAL_COVERAGE"
"GHSP0055","apache/cordova-plugin-file",1,"PRE_OUTCOME_STRUCTURAL_COVERAGE"
"GHSP0056","apache/cordova-plugin-file-transfer",1,"PRE_OUTCOME_STRUCTURAL_COVERAGE"
"GHSP0057","apache/cordova-plugin-inappbrowser",1,"PRE_OUTCOME_STRUCTURAL_COVERAGE"
"GHSP0058","apache/cordova-plugin-network-information",1,"PRE_OUTCOME_STRUCTURAL_COVERAGE"
"GHSP0059","apache/cordova-plugin-statusbar",1,"PRE_OUTCOME_STRUCTURAL_COVERAGE"
"GHSP0060","apache/cordova-plugin-vibration",1,"PRE_OUTCOME_STRUCTURAL_COVERAGE"
"GHSP0061","apache/cordova-plugman",1,"PRE_OUTCOME_STRUCTURAL_COVERAGE"
"GHSP0062","apache/cordova-serve",1,"PRE_OUTCOME_STRUCTURAL_COVERAGE"
"GHSP0063","apache/couchdb",1,"PRE_OUTCOME_STRUCTURAL_COVERAGE"
"GHSP0064","apache/dolphinscheduler",1,"PRE_OUTCOME_STRUCTURAL_COVERAGE"
"GHSP0065","apache/doris",1,"PRE_OUTCOME_STRUCTURAL_COVERAGE"
"GHSP0066","apache/dubbo",1,"PRE_OUTCOME_STRUCTURAL_COVERAGE"
"GHSP0067","apache/echarts",1,"PRE_OUTCOME_STRUCTURAL_COVERAGE"
"GHSP0068","apache/eventmesh",1,"PRE_OUTCOME_STRUCTURAL_COVERAGE"
"GHSP0069","apache/hugegraph",1,"PRE_OUTCOME_STRUCTURAL_COVERAGE"
"GHSP0070","apache/jmeter",1,"PRE_OUTCOME_STRUCTURAL_COVERAGE"
"GHSP0071","apache/kvrocks",1,"PRE_OUTCOME_STRUCTURAL_COVERAGE"
"GHSP0072","apache/linkis",1,"PRE_OUTCOME_STRUCTURAL_COVERAGE"
"GHSP0073","apache/paimon",1,"PRE_OUTCOME_STRUCTURAL_COVERAGE"
"GHSP0074","apache/pinot",1,"PRE_OUTCOME_STRUCTURAL_COVERAGE"
"GHSP0075","apache/poi",1,"PRE_OUTCOME_STRUCTURAL_COVERAGE"
"GHSP0076","apache/seatunnel",1,"PRE_OUTCOME_STRUCTURAL_COVERAGE"
"GHSP0077","apache/shardingsphere",1,"PRE_OUTCOME_STRUCTURAL_COVERAGE"
"GHSP0078","apache/shardingsphere-elasticjob",1,"PRE_OUTCOME_STRUCTURAL_COVERAGE"
"GHSP0079","apache/shenyu",1,"PRE_OUTCOME_STRUCTURAL_COVERAGE"
"GHSP0080","apache/spark",1,"PRE_OUTCOME_STRUCTURAL_COVERAGE"
"GHSP0081","apache/tomcat",1,"PRE_OUTCOME_STRUCTURAL_COVERAGE"
"GHSP0082","apache/training",1,"PRE_OUTCOME_STRUCTURAL_COVERAGE"
"GHSP0083","apache/tvm",1,"PRE_OUTCOME_STRUCTURAL_COVERAGE"
"GHSP0084","apitable/apitable",1,"PRE_OUTCOME_STRUCTURAL_COVERAGE"
"GHSP0085","appium/appium",1,"PRE_OUTCOME_STRUCTURAL_COVERAGE"
"GHSP0086","aptos-labs/aptos-core",1,"PRE_OUTCOME_STRUCTURAL_COVERAGE"
"GHSP0087","arduino/Arduino",1,"PRE_OUTCOME_STRUCTURAL_COVERAGE"
"GHSP0088","arextest/arex-agent-java",1,"PRE_OUTCOME_STRUCTURAL_COVERAGE"
"GHSP0089","armink/FlashDB",1,"PRE_OUTCOME_STRUCTURAL_COVERAGE"
"GHSP0090","arviz-devs/arviz",1,"PRE_OUTCOME_STRUCTURAL_COVERAGE"
"GHSP0091","AsyncHttpClient/async-http-client",1,"PRE_OUTCOME_STRUCTURAL_COVERAGE"
"GHSP0092","Atmosphere/atmosphere",1,"PRE_OUTCOME_STRUCTURAL_COVERAGE"
"GHSP0093","Auto-Mech/mechdriver",1,"PRE_OUTCOME_STRUCTURAL_COVERAGE"
"GHSP0094","autogluon/autogluon",1,"PRE_OUTCOME_STRUCTURAL_COVERAGE"
"GHSP0095","Automattic/mongoose",1,"PRE_OUTCOME_STRUCTURAL_COVERAGE"
"GHSP0096","Automattic/node-canvas",1,"PRE_OUTCOME_STRUCTURAL_COVERAGE"
"GHSP0097","Automattic/wp-calypso",1,"PRE_OUTCOME_STRUCTURAL_COVERAGE"
"GHSP0098","autowarefoundation/autoware",1,"PRE_OUTCOME_STRUCTURAL_COVERAGE"
"GHSP0099","aws/aws-cli",1,"PRE_OUTCOME_STRUCTURAL_COVERAGE"
"GHSP0100","aws/karpenter-provider-aws",1,"PRE_OUTCOME_STRUCTURAL_COVERAGE"
"GHSP0101","axios/axios",1,"PRE_OUTCOME_STRUCTURAL_COVERAGE"
"GHSP0102","babel/babel",1,"PRE_OUTCOME_STRUCTURAL_COVERAGE"
"GHSP0104","BabylonJS/Babylon.js",1,"PRE_OUTCOME_STRUCTURAL_COVERAGE"
"GHSP0105","bactopia/bactopia",1,"PRE_OUTCOME_STRUCTURAL_COVERAGE"
"GHSP0106","badges/shields",1,"PRE_OUTCOME_STRUCTURAL_COVERAGE"
"GHSP0107","balderdashy/sails",1,"PRE_OUTCOME_STRUCTURAL_COVERAGE"
"GHSP0108","baomidou/mybatis-plus",1,"PRE_OUTCOME_STRUCTURAL_COVERAGE"
"GHSP0109","Bash-it/bash-it",1,"PRE_OUTCOME_STRUCTURAL_COVERAGE"
"GHSP0110","bazel-contrib/rules_oci",1,"PRE_OUTCOME_STRUCTURAL_COVERAGE"
"GHSP0111","bazelbuild/bazel",1,"PRE_OUTCOME_STRUCTURAL_COVERAGE"
"GHSP0112","bazelbuild/rules_docker",1,"PRE_OUTCOME_STRUCTURAL_COVERAGE"
"GHSP0113","bbatsov/prelude",1,"PRE_OUTCOME_STRUCTURAL_COVERAGE"
"GHSP0114","bcit-ci/CodeIgniter",1,"PRE_OUTCOME_STRUCTURAL_COVERAGE"
"GHSP0115","beagleboard/linux",1,"PRE_OUTCOME_STRUCTURAL_COVERAGE"
"GHSP0116","beetbox/beets",1,"PRE_OUTCOME_STRUCTURAL_COVERAGE"
"GHSP0117","benoitc/gunicorn",1,"PRE_OUTCOME_STRUCTURAL_COVERAGE"
"GHSP0119","bitcoin/bitcoin",1,"PRE_OUTCOME_STRUCTURAL_COVERAGE"
"GHSP0120","bitcoinj/bitcoinj",1,"PRE_OUTCOME_STRUCTURAL_COVERAGE"
"GHSP0121","bitshares/bitshares-core",1,"PRE_OUTCOME_STRUCTURAL_COVERAGE"
"GHSP0122","bjerkio/oidc-react",1,"PRE_OUTCOME_STRUCTURAL_COVERAGE"
"GHSP0123","blevesearch/bleve",1,"PRE_OUTCOME_STRUCTURAL_COVERAGE"
"GHSP0124","bnb-chain/bsc",1,"PRE_OUTCOME_STRUCTURAL_COVERAGE"
"GHSP0125","bokeh/bokeh",1,"PRE_OUTCOME_STRUCTURAL_COVERAGE"
"GHSP0126","bottlepy/bottle",1,"PRE_OUTCOME_STRUCTURAL_COVERAGE"
"GHSP0127","brettwooldridge/HikariCP",1,"PRE_OUTCOME_STRUCTURAL_COVERAGE"
"GHSP0128","brianc/node-postgres",1,"PRE_OUTCOME_STRUCTURAL_COVERAGE"
"GHSP0129","briannesbitt/Carbon",1,"PRE_OUTCOME_STRUCTURAL_COVERAGE"
"GHSP0130","bumptech/glide",1,"PRE_OUTCOME_STRUCTURAL_COVERAGE"
"GHSP0131","BVLC/caffe",1,"PRE_OUTCOME_STRUCTURAL_COVERAGE"
"GHSP0132","bytebase/bytebase",1,"PRE_OUTCOME_STRUCTURAL_COVERAGE"
"GHSP0133","cakephp/cakephp",1,"PRE_OUTCOME_STRUCTURAL_COVERAGE"
"GHSP0134","calcitem/Sanmill",1,"PRE_OUTCOME_STRUCTURAL_COVERAGE"
"GHSP0135","Cantera/cantera",1,"PRE_OUTCOME_STRUCTURAL_COVERAGE"
"GHSP0136","caolan/async",1,"PRE_OUTCOME_STRUCTURAL_COVERAGE"
"GHSP0137","capistrano/capistrano",1,"PRE_OUTCOME_STRUCTURAL_COVERAGE"
"GHSP0138","carrierwaveuploader/carrierwave",1,"PRE_OUTCOME_STRUCTURAL_COVERAGE"
"GHSP0139","Carthage/Carthage",1,"PRE_OUTCOME_STRUCTURAL_COVERAGE"
"GHSP0140","ccfos/nightingale",1,"PRE_OUTCOME_STRUCTURAL_COVERAGE"
"GHSP0141","celery/celery",1,"PRE_OUTCOME_STRUCTURAL_COVERAGE"
"GHSP0142","celo-org/celo-blockchain",1,"PRE_OUTCOME_STRUCTURAL_COVERAGE"
"GHSP0143","cesanta/mongoose",1,"PRE_OUTCOME_STRUCTURAL_COVERAGE"
"GHSP0144","CESNET/netopeer2",1,"PRE_OUTCOME_STRUCTURAL_COVERAGE"
"GHSP0145","chaijs/chai",1,"PRE_OUTCOME_STRUCTURAL_COVERAGE"
"GHSP0146","chaoss/grimoirelab",1,"PRE_OUTCOME_STRUCTURAL_COVERAGE"
"GHSP0147","cheeriojs/cheerio",1,"PRE_OUTCOME_STRUCTURAL_COVERAGE"
"GHSP0148","chef/chef",1,"PRE_OUTCOME_STRUCTURAL_COVERAGE"
"GHSP0149","Chia-Network/chia-blockchain",1,"PRE_OUTCOME_STRUCTURAL_COVERAGE"
"GHSP0150","cinder/Cinder",1,"PRE_OUTCOME_STRUCTURAL_COVERAGE"
"GHSP0151","cisco/ChezScheme",1,"PRE_OUTCOME_STRUCTURAL_COVERAGE"
"GHSP0152","clappr/clappr",1,"PRE_OUTCOME_STRUCTURAL_COVERAGE"
"GHSP0153","clearml/clearml",1,"PRE_OUTCOME_STRUCTURAL_COVERAGE"
"GHSP0154","cloud-custodian/cloud-custodian",1,"PRE_OUTCOME_STRUCTURAL_COVERAGE"
"GHSP0155","cloudtty/cloudtty",1,"PRE_OUTCOME_STRUCTURAL_COVERAGE"
"GHSP0156","cloudwego/hertz",1,"PRE_OUTCOME_STRUCTURAL_COVERAGE"
"GHSP0157","cloudwego/kitex",1,"PRE_OUTCOME_STRUCTURAL_COVERAGE"
"GHSP0158","cloudwu/skynet",1,"PRE_OUTCOME_STRUCTURAL_COVERAGE"
"GHSP0159","clusterpedia-io/clusterpedia",1,"PRE_OUTCOME_STRUCTURAL_COVERAGE"
"GHSP0160","cmderdev/cmder",1,"PRE_OUTCOME_STRUCTURAL_COVERAGE"
"GHSP0161","CMU-Perceptual-Computing-Lab/openpose",1,"PRE_OUTCOME_STRUCTURAL_COVERAGE"
"GHSP0162","cockroachdb/cockroach",1,"PRE_OUTCOME_STRUCTURAL_COVERAGE"
"GHSP0163","CocoaLumberjack/CocoaLumberjack",1,"PRE_OUTCOME_STRUCTURAL_COVERAGE"
"GHSP0164","Cocoanetics/DTCoreText",1,"PRE_OUTCOME_STRUCTURAL_COVERAGE"
"GHSP0165","CocoaPods/CocoaPods",1,"PRE_OUTCOME_STRUCTURAL_COVERAGE"
"GHSP0166","cocos2d/cocos2d-x",1,"PRE_OUTCOME_STRUCTURAL_COVERAGE"
"GHSP0167","codecombat/codecombat",1,"PRE_OUTCOME_STRUCTURAL_COVERAGE"
"GHSP0168","coleifer/peewee",1,"PRE_OUTCOME_STRUCTURAL_COVERAGE"
"GHSP0169","composer/composer",1,"PRE_OUTCOME_STRUCTURAL_COVERAGE"
"GHSP0170","CompVis/stable-diffusion",1,"PRE_OUTCOME_STRUCTURAL_COVERAGE"
"GHSP0171","conda/conda",1,"PRE_OUTCOME_STRUCTURAL_COVERAGE"
"GHSP0172","Conflux-Chain/conflux-rust",1,"PRE_OUTCOME_STRUCTURAL_COVERAGE"
"GHSP0173","cookieY/Yearning",1,"PRE_OUTCOME_STRUCTURAL_COVERAGE"
"GHSP0174","corda/corda",1,"PRE_OUTCOME_STRUCTURAL_COVERAGE"
"GHSP0175","cortexproject/cortex",1,"PRE_OUTCOME_STRUCTURAL_COVERAGE"
"GHSP0176","cosmos/cosmos-sdk",1,"PRE_OUTCOME_STRUCTURAL_COVERAGE"
"GHSP0177","crystal-lang/crystal",1,"PRE_OUTCOME_STRUCTURAL_COVERAGE"
"GHSP0178","cucumber/cucumber-ruby",1,"PRE_OUTCOME_STRUCTURAL_COVERAGE"
"GHSP0179","cupy/cupy",1,"PRE_OUTCOME_STRUCTURAL_COVERAGE"
"GHSP0180","curl/curl",1,"PRE_OUTCOME_STRUCTURAL_COVERAGE"
"GHSP0181","cyfdecyf/cow",1,"PRE_OUTCOME_STRUCTURAL_COVERAGE"
"GHSP0182","dagster-io/dagster",1,"PRE_OUTCOME_STRUCTURAL_COVERAGE"
"GHSP0183","dataease/dataease",1,"PRE_OUTCOME_STRUCTURAL_COVERAGE"
"GHSP0184","datavane/datavines",1,"PRE_OUTCOME_STRUCTURAL_COVERAGE"
"GHSP0185","davisking/dlib",1,"PRE_OUTCOME_STRUCTURAL_COVERAGE"
"GHSP0186","dbcli/mycli",1,"PRE_OUTCOME_STRUCTURAL_COVERAGE"
"GHSP0187","dbcli/pgcli",1,"PRE_OUTCOME_STRUCTURAL_COVERAGE"
"GHSP0188","dcloudio/uni-app",1,"PRE_OUTCOME_STRUCTURAL_COVERAGE"
"GHSP0189","deepmodeling/deepmd-kit",1,"PRE_OUTCOME_STRUCTURAL_COVERAGE"
"GHSP0190","deepstreamIO/deepstream.io",1,"PRE_OUTCOME_STRUCTURAL_COVERAGE"
"GHSP0191","DefinitelyTyped/DefinitelyTyped",1,"PRE_OUTCOME_STRUCTURAL_COVERAGE"
"GHSP0192","devtron-labs/devtron",1,"PRE_OUTCOME_STRUCTURAL_COVERAGE"
"GHSP0193","dexidp/dex",1,"PRE_OUTCOME_STRUCTURAL_COVERAGE"
"GHSP0194","diaspora/diaspora",1,"PRE_OUTCOME_STRUCTURAL_COVERAGE"
"GHSP0195","didi/KnowStreaming",1,"PRE_OUTCOME_STRUCTURAL_COVERAGE"
"GHSP0197","diem/diem",1,"PRE_OUTCOME_STRUCTURAL_COVERAGE"
"GHSP0198","digiteinfotech/kairon",1,"PRE_OUTCOME_STRUCTURAL_COVERAGE"
"GHSP0199","dingo/api",1,"PRE_OUTCOME_STRUCTURAL_COVERAGE"
"GHSP0200","dingodb/dingo",1,"PRE_OUTCOME_STRUCTURAL_COVERAGE"
"GHSP0201","django-extensions/django-extensions",1,"PRE_OUTCOME_STRUCTURAL_COVERAGE"
"GHSP0202","django-tastypie/django-tastypie",1,"PRE_OUTCOME_STRUCTURAL_COVERAGE"
"GHSP0203","django/django",1,"PRE_OUTCOME_STRUCTURAL_COVERAGE"
"GHSP0204","dlang/dmd",1,"PRE_OUTCOME_STRUCTURAL_COVERAGE"
"GHSP0205","dmlc/xgboost",1,"PRE_OUTCOME_STRUCTURAL_COVERAGE"
"GHSP0206","docker/compose",1,"PRE_OUTCOME_STRUCTURAL_COVERAGE"
"GHSP0207","dokku/dokku",1,"PRE_OUTCOME_STRUCTURAL_COVERAGE"
"GHSP0208","domaindrivendev/Swashbuckle.AspNetCore",1,"PRE_OUTCOME_STRUCTURAL_COVERAGE"
"GHSP0209","dompdf/dompdf",1,"PRE_OUTCOME_STRUCTURAL_COVERAGE"
"GHSP0210","doocs/leetcode",1,"PRE_OUTCOME_STRUCTURAL_COVERAGE"
"GHSP0211","doorkeeper-gem/doorkeeper",1,"PRE_OUTCOME_STRUCTURAL_COVERAGE"
"GHSP0212","dora-rs/dora",1,"PRE_OUTCOME_STRUCTURAL_COVERAGE"
"GHSP0213","dotnet/roslyn",1,"PRE_OUTCOME_STRUCTURAL_COVERAGE"
"GHSP0214","dotnetcore/BootstrapBlazor",1,"PRE_OUTCOME_STRUCTURAL_COVERAGE"
"GHSP0215","DragonOS-Community/DragonOS",1,"PRE_OUTCOME_STRUCTURAL_COVERAGE"
"GHSP0216","draios/sysdig",1,"PRE_OUTCOME_STRUCTURAL_COVERAGE"
"GHSP0217","dropwizard/dropwizard",1,"PRE_OUTCOME_STRUCTURAL_COVERAGE"
"GHSP0218","dropwizard/metrics",1,"PRE_OUTCOME_STRUCTURAL_COVERAGE"
"GHSP0220","eclipse-sw360/sw360",1,"PRE_OUTCOME_STRUCTURAL_COVERAGE"
"GHSP0221","ecomfe/vue-echarts",1,"PRE_OUTCOME_STRUCTURAL_COVERAGE"
"GHSP0222","ecomfe/zrender",1,"PRE_OUTCOME_STRUCTURAL_COVERAGE"
"GHSP0223","eggjs/egg",1,"PRE_OUTCOME_STRUCTURAL_COVERAGE"
"GHSP0224","elastic/beats",1,"PRE_OUTCOME_STRUCTURAL_COVERAGE"
"GHSP0225","elastic/elasticsearch",1,"PRE_OUTCOME_STRUCTURAL_COVERAGE"
"GHSP0226","elastic/kibana",1,"PRE_OUTCOME_STRUCTURAL_COVERAGE"
"GHSP0227","elastic/logstash",1,"PRE_OUTCOME_STRUCTURAL_COVERAGE"
"GHSP0228","ElemeFE/element",1,"PRE_OUTCOME_STRUCTURAL_COVERAGE"
"GHSP0229","element-plus/element-plus",1,"PRE_OUTCOME_STRUCTURAL_COVERAGE"
"GHSP0230","EleutherAI/gpt-neox",1,"PRE_OUTCOME_STRUCTURAL_COVERAGE"
"GHSP0231","EleutherAI/lm-evaluation-harness",1,"PRE_OUTCOME_STRUCTURAL_COVERAGE"
"GHSP0232","elixir-lang/elixir",1,"PRE_OUTCOME_STRUCTURAL_COVERAGE"
"GHSP0233","elixir-mint/mint",1,"PRE_OUTCOME_STRUCTURAL_COVERAGE"
"GHSP0234","ember-cli/ember-cli",1,"PRE_OUTCOME_STRUCTURAL_COVERAGE"
"GHSP0235","emberjs/ember.js",1,"PRE_OUTCOME_STRUCTURAL_COVERAGE"
"GHSP0236","ent/ent",1,"PRE_OUTCOME_STRUCTURAL_COVERAGE"
"GHSP0237","envoyproxy/gateway",1,"PRE_OUTCOME_STRUCTURAL_COVERAGE"
"GHSP0239","erlang/otp",1,"PRE_OUTCOME_STRUCTURAL_COVERAGE"
"GHSP0240","errbit/errbit",1,"PRE_OUTCOME_STRUCTURAL_COVERAGE"
"GHSP0241","eslint/eslint",1,"PRE_OUTCOME_STRUCTURAL_COVERAGE"
"GHSP0242","esp8266/Arduino",1,"PRE_OUTCOME_STRUCTURAL_COVERAGE"
"GHSP0243","espressif/esp-idf",1,"PRE_OUTCOME_STRUCTURAL_COVERAGE"
"GHSP0244","EstrellaXD/Auto_Bangumi",1,"PRE_OUTCOME_STRUCTURAL_COVERAGE"
"GHSP0245","ethereum/go-ethereum",1,"PRE_OUTCOME_STRUCTURAL_COVERAGE"
"GHSP0247","evanw/esbuild",1,"PRE_OUTCOME_STRUCTURAL_COVERAGE"
"GHSP0248","evidentlyai/evidently",1,"PRE_OUTCOME_STRUCTURAL_COVERAGE"
"GHSP0249","explosion/thinc",1,"PRE_OUTCOME_STRUCTURAL_COVERAGE"
"GHSP0250","expressjs/express",1,"PRE_OUTCOME_STRUCTURAL_COVERAGE"
"GHSP0251","fabric/fabric",1,"PRE_OUTCOME_STRUCTURAL_COVERAGE"
"GHSP0252","facebook/facebook-ios-sdk",1,"PRE_OUTCOME_STRUCTURAL_COVERAGE"
"GHSP0253","facebook/flow",1,"PRE_OUTCOME_STRUCTURAL_COVERAGE"
"GHSP0254","facebook/folly",1,"PRE_OUTCOME_STRUCTURAL_COVERAGE"
"GHSP0255","facebook/fresco",1,"PRE_OUTCOME_STRUCTURAL_COVERAGE"
"GHSP0256","facebook/hhvm",1,"PRE_OUTCOME_STRUCTURAL_COVERAGE"
"GHSP0257","facebook/relay",1,"PRE_OUTCOME_STRUCTURAL_COVERAGE"
"GHSP0258","facebook/rocksdb",1,"PRE_OUTCOME_STRUCTURAL_COVERAGE"
"GHSP0259","facebookresearch/fairscale",1,"PRE_OUTCOME_STRUCTURAL_COVERAGE"
"GHSP0260","falconry/falcon",1,"PRE_OUTCOME_STRUCTURAL_COVERAGE"
"GHSP0261","farm-fe/farm",1,"PRE_OUTCOME_STRUCTURAL_COVERAGE"
"GHSP0262","fasiondog/hikyuu",1,"PRE_OUTCOME_STRUCTURAL_COVERAGE"
"GHSP0263","fastlane/fastlane",1,"PRE_OUTCOME_STRUCTURAL_COVERAGE"
"GHSP0264","fatih/vim-go",1,"PRE_OUTCOME_STRUCTURAL_COVERAGE"
"GHSP0265","feathersjs/feathers",1,"PRE_OUTCOME_STRUCTURAL_COVERAGE"
"GHSP0266","FISCO-BCOS/FISCO-BCOS",1,"PRE_OUTCOME_STRUCTURAL_COVERAGE"
"GHSP0267","fish-shell/fish-shell",1,"PRE_OUTCOME_STRUCTURAL_COVERAGE"
"GHSP0268","flot/flot",1,"PRE_OUTCOME_STRUCTURAL_COVERAGE"
"GHSP0269","fluent/fluentd",1,"PRE_OUTCOME_STRUCTURAL_COVERAGE"
"GHSP0270","flutter/flutter",1,"PRE_OUTCOME_STRUCTURAL_COVERAGE"
"GHSP0271","fluxcd/flux2",1,"PRE_OUTCOME_STRUCTURAL_COVERAGE"
"GHSP0272","fossology/fossology",1,"PRE_OUTCOME_STRUCTURAL_COVERAGE"
"GHSP0273","FredrikNoren/ungit",1,"PRE_OUTCOME_STRUCTURAL_COVERAGE"
"GHSP0274","fullcalendar/fullcalendar",1,"PRE_OUTCOME_STRUCTURAL_COVERAGE"
"GHSP0275","g1879/DrissionPage",1,"PRE_OUTCOME_STRUCTURAL_COVERAGE"
"GHSP0276","gatling/gatling",1,"PRE_OUTCOME_STRUCTURAL_COVERAGE"
"GHSP0277","gatsbyjs/gatsby",1,"PRE_OUTCOME_STRUCTURAL_COVERAGE"
"GHSP0278","getgrav/grav",1,"PRE_OUTCOME_STRUCTURAL_COVERAGE"
"GHSP0279","getpelican/pelican",1,"PRE_OUTCOME_STRUCTURAL_COVERAGE"
"GHSP0280","getsentry/sentry",1,"PRE_OUTCOME_STRUCTURAL_COVERAGE"
"GHSP0281","gevent/gevent",1,"PRE_OUTCOME_STRUCTURAL_COVERAGE"
"GHSP0282","gin-gonic/gin",1,"PRE_OUTCOME_STRUCTURAL_COVERAGE"
"GHSP0283","gitbucket/gitbucket",1,"PRE_OUTCOME_STRUCTURAL_COVERAGE"
"GHSP0284","gocd/gocd",1,"PRE_OUTCOME_STRUCTURAL_COVERAGE"
"GHSP0285","godotengine/godot",1,"PRE_OUTCOME_STRUCTURAL_COVERAGE"
"GHSP0286","gogf/gf",1,"PRE_OUTCOME_STRUCTURAL_COVERAGE"
"GHSP0287","golang/go",1,"PRE_OUTCOME_STRUCTURAL_COVERAGE"
"GHSP0288","google/cadvisor",1,"PRE_OUTCOME_STRUCTURAL_COVERAGE"
"GHSP0289","google/ExoPlayer",1,"PRE_OUTCOME_STRUCTURAL_COVERAGE"
"GHSP0290","google/flatbuffers",1,"PRE_OUTCOME_STRUCTURAL_COVERAGE"
"GHSP0291","google/fonts",1,"PRE_OUTCOME_STRUCTURAL_COVERAGE"
"GHSP0292","google/gson",1,"PRE_OUTCOME_STRUCTURAL_COVERAGE"
"GHSP0293","google/guava",1,"PRE_OUTCOME_STRUCTURAL_COVERAGE"
"GHSP0294","google/guice",1,"PRE_OUTCOME_STRUCTURAL_COVERAGE"
"GHSP0295","google/j2objc",1,"PRE_OUTCOME_STRUCTURAL_COVERAGE"
"GHSP0296","google/neuroglancer",1,"PRE_OUTCOME_STRUCTURAL_COVERAGE"
"GHSP0297","goplus/xgo",1,"PRE_OUTCOME_STRUCTURAL_COVERAGE"
"GHSP0298","gradle/gradle",1,"PRE_OUTCOME_STRUCTURAL_COVERAGE"
"GHSP0299","grafana/grafana",1,"PRE_OUTCOME_STRUCTURAL_COVERAGE"
"GHSP0300","graphite-project/graphite-web",1,"PRE_OUTCOME_STRUCTURAL_COVERAGE"
"GHSP0301","graphql/graphql-js",1,"PRE_OUTCOME_STRUCTURAL_COVERAGE"
"GHSP0302","GreptimeTeam/greptimedb",1,"PRE_OUTCOME_STRUCTURAL_COVERAGE"
"GHSP0303","grpc/grpc",1,"PRE_OUTCOME_STRUCTURAL_COVERAGE"
"GHSP0304","gruntjs/grunt",1,"PRE_OUTCOME_STRUCTURAL_COVERAGE"
"GHSP0305","guardian/frontend",1,"PRE_OUTCOME_STRUCTURAL_COVERAGE"
"GHSP0306","guzzle/guzzle",1,"PRE_OUTCOME_STRUCTURAL_COVERAGE"
"GHSP0307","h2o/h2o",1,"PRE_OUTCOME_STRUCTURAL_COVERAGE"
"GHSP0308","h5bp/html5-boilerplate",1,"PRE_OUTCOME_STRUCTURAL_COVERAGE"
"GHSP0309","haiwen/seafile",1,"PRE_OUTCOME_STRUCTURAL_COVERAGE"
"GHSP0310","handsontable/handsontable",1,"PRE_OUTCOME_STRUCTURAL_COVERAGE"
"GHSP0311","hantsy/spring-reactive-sample",1,"PRE_OUTCOME_STRUCTURAL_COVERAGE"
"GHSP0312","hapijs/hapi",1,"PRE_OUTCOME_STRUCTURAL_COVERAGE"
"GHSP0313","harlanc/xiu",1,"PRE_OUTCOME_STRUCTURAL_COVERAGE"
"GHSP0314","hashicorp/consul",1,"PRE_OUTCOME_STRUCTURAL_COVERAGE"
"GHSP0315","hashicorp/terraform",1,"PRE_OUTCOME_STRUCTURAL_COVERAGE"
"GHSP0316","hashicorp/vault",1,"PRE_OUTCOME_STRUCTURAL_COVERAGE"
"GHSP0318","helix-editor/helix",1,"PRE_OUTCOME_STRUCTURAL_COVERAGE"
"GHSP0319","HelloZeroNet/ZeroNet",1,"PRE_OUTCOME_STRUCTURAL_COVERAGE"
"GHSP0320","hexojs/hexo",1,"PRE_OUTCOME_STRUCTURAL_COVERAGE"
"GHSP0321","highcharts/highcharts",1,"PRE_OUTCOME_STRUCTURAL_COVERAGE"
"GHSP0322","hiroi-sora/Umi-OCR",1,"PRE_OUTCOME_STRUCTURAL_COVERAGE"
"GHSP0323","hpcaitech/ColossalAI",1,"PRE_OUTCOME_STRUCTURAL_COVERAGE"
"GHSP0324","hrydgard/ppsspp",1,"PRE_OUTCOME_STRUCTURAL_COVERAGE"
"GHSP0325","humhub/humhub",1,"PRE_OUTCOME_STRUCTURAL_COVERAGE"
"GHSP0326","hwameistor/hwameistor",1,"PRE_OUTCOME_STRUCTURAL_COVERAGE"
"GHSP0327","hyperledger/fabric",1,"PRE_OUTCOME_STRUCTURAL_COVERAGE"
"GHSP0328","i18next/i18next",1,"PRE_OUTCOME_STRUCTURAL_COVERAGE"
"GHSP0329","i3/i3",1,"PRE_OUTCOME_STRUCTURAL_COVERAGE"
"GHSP0330","iamkun/dayjs",1,"PRE_OUTCOME_STRUCTURAL_COVERAGE"
"GHSP0331","ianyh/Amethyst",1,"PRE_OUTCOME_STRUCTURAL_COVERAGE"
"GHSP0332","ibireme/YYKit",1,"PRE_OUTCOME_STRUCTURAL_COVERAGE"
"GHSP0333","ibireme/YYText",1,"PRE_OUTCOME_STRUCTURAL_COVERAGE"
"GHSP0334","iced-rs/iced",1,"PRE_OUTCOME_STRUCTURAL_COVERAGE"
"GHSP0335","icsharpcode/ILSpy",1,"PRE_OUTCOME_STRUCTURAL_COVERAGE"
"GHSP0336","infiniticio/infinitic",1,"PRE_OUTCOME_STRUCTURAL_COVERAGE"
"GHSP0337","influxdata/influxdb",1,"PRE_OUTCOME_STRUCTURAL_COVERAGE"
"GHSP0338","InsightSoftwareConsortium/ITK",1,"PRE_OUTCOME_STRUCTURAL_COVERAGE"
"GHSP0339","intuit/auto",1,"PRE_OUTCOME_STRUCTURAL_COVERAGE"
"GHSP0340","ipfs/helia",1,"PRE_OUTCOME_STRUCTURAL_COVERAGE"
"GHSP0341","ipfs/ipfs-desktop",1,"PRE_OUTCOME_STRUCTURAL_COVERAGE"
"GHSP0342","istanbuljs/istanbuljs",1,"PRE_OUTCOME_STRUCTURAL_COVERAGE"
"GHSP0343","istio/istio",1,"PRE_OUTCOME_STRUCTURAL_COVERAGE"
"GHSP0344","istio/ztunnel",1,"PRE_OUTCOME_STRUCTURAL_COVERAGE"
"GHSP0345","ithewei/libhv",1,"PRE_OUTCOME_STRUCTURAL_COVERAGE"
"GHSP0346","IvorySQL/IvorySQL",1,"PRE_OUTCOME_STRUCTURAL_COVERAGE"
"GHSP0347","JamesNK/Newtonsoft.Json",1,"PRE_OUTCOME_STRUCTURAL_COVERAGE"
"GHSP0348","jashkenas/backbone",1,"PRE_OUTCOME_STRUCTURAL_COVERAGE"
"GHSP0349","jashkenas/coffeescript",1,"PRE_OUTCOME_STRUCTURAL_COVERAGE"
"GHSP0350","jashkenas/underscore",1,"PRE_OUTCOME_STRUCTURAL_COVERAGE"
"GHSP0351","jasmine/jasmine",1,"PRE_OUTCOME_STRUCTURAL_COVERAGE"
"GHSP0352","java-native-access/jna",1,"PRE_OUTCOME_STRUCTURAL_COVERAGE"
"GHSP0353","jeapostrophe/racket-langserver",1,"PRE_OUTCOME_STRUCTURAL_COVERAGE"
"GHSP0354","JedWatson/react-select",1,"PRE_OUTCOME_STRUCTURAL_COVERAGE"
"GHSP0355","jekyll/jekyll",1,"PRE_OUTCOME_STRUCTURAL_COVERAGE"
"GHSP0356","jeremyevans/sequel",1,"PRE_OUTCOME_STRUCTURAL_COVERAGE"
"GHSP0357","jfcherng/php-diff",1,"PRE_OUTCOME_STRUCTURAL_COVERAGE"
"GHSP0358","jgm/pandoc",1,"PRE_OUTCOME_STRUCTURAL_COVERAGE"
"GHSP0359","jgthms/bulma",1,"PRE_OUTCOME_STRUCTURAL_COVERAGE"
"GHSP0360","jhipster/generator-jhipster",1,"PRE_OUTCOME_STRUCTURAL_COVERAGE"
"GHSP0361","jhy/jsoup",1,"PRE_OUTCOME_STRUCTURAL_COVERAGE"
"GHSP0363","Jittor/jittor",1,"PRE_OUTCOME_STRUCTURAL_COVERAGE"
"GHSP0364","joblib/joblib",1,"PRE_OUTCOME_STRUCTURAL_COVERAGE"
"GHSP0365","jonas/tig",1,"PRE_OUTCOME_STRUCTURAL_COVERAGE"
"GHSP0366","jordansissel/fpm",1,"PRE_OUTCOME_STRUCTURAL_COVERAGE"
"GHSP0367","josdejong/mathjs",1,"PRE_OUTCOME_STRUCTURAL_COVERAGE"
"GHSP0368","jquery/jquery",1,"PRE_OUTCOME_STRUCTURAL_COVERAGE"
"GHSP0369","jruby/jruby",1,"PRE_OUTCOME_STRUCTURAL_COVERAGE"
"GHSP0370","jsbin/jsbin",1,"PRE_OUTCOME_STRUCTURAL_COVERAGE"
"GHSP0371","jshint/jshint",1,"PRE_OUTCOME_STRUCTURAL_COVERAGE"
"GHSP0372","jshttp/mime-db",1,"PRE_OUTCOME_STRUCTURAL_COVERAGE"
"GHSP0373","json-api/json-api",1,"PRE_OUTCOME_STRUCTURAL_COVERAGE"
"GHSP0374","juicedata/juicefs",1,"PRE_OUTCOME_STRUCTURAL_COVERAGE"
"GHSP0375","JuliaLang/julia",1,"PRE_OUTCOME_STRUCTURAL_COVERAGE"
"GHSP0376","junegunn/fzf",1,"PRE_OUTCOME_STRUCTURAL_COVERAGE"
"GHSP0377","junit-team/junit4",1,"PRE_OUTCOME_STRUCTURAL_COVERAGE"
"GHSP0378","jupyterhub/jupyterhub",1,"PRE_OUTCOME_STRUCTURAL_COVERAGE"
"GHSP0379","karma-runner/karma",1,"PRE_OUTCOME_STRUCTURAL_COVERAGE"
"GHSP0380","karmada-io/karmada",1,"PRE_OUTCOME_STRUCTURAL_COVERAGE"
"GHSP0381","Kas-tle/java2bedrock.sh",1,"PRE_OUTCOME_STRUCTURAL_COVERAGE"
"GHSP0382","kcl-lang/kcl",1,"PRE_OUTCOME_STRUCTURAL_COVERAGE"
"GHSP0383","kedro-org/kedro",1,"PRE_OUTCOME_STRUCTURAL_COVERAGE"
"GHSP0384","kelseyhightower/confd",1,"PRE_OUTCOME_STRUCTURAL_COVERAGE"
"GHSP0385","kenwheeler/slick",1,"PRE_OUTCOME_STRUCTURAL_COVERAGE"
"GHSP0386","keystonejs/keystone",1,"PRE_OUTCOME_STRUCTURAL_COVERAGE"
"GHSP0387","kif-framework/KIF",1,"PRE_OUTCOME_STRUCTURAL_COVERAGE"
"GHSP0388","Kinto/kinto",1,"PRE_OUTCOME_STRUCTURAL_COVERAGE"
"GHSP0389","kivy/kivy",1,"PRE_OUTCOME_STRUCTURAL_COVERAGE"
"GHSP0390","knockout/knockout",1,"PRE_OUTCOME_STRUCTURAL_COVERAGE"
"GHSP0391","koajs/koa",1,"PRE_OUTCOME_STRUCTURAL_COVERAGE"
"GHSP0392","kptdev/kpt",1,"PRE_OUTCOME_STRUCTURAL_COVERAGE"
"GHSP0393","kubean-io/kubean",1,"PRE_OUTCOME_STRUCTURAL_COVERAGE"
"GHSP0394","kubernetes-sigs/apiserver-network-proxy",1,"PRE_OUTCOME_STRUCTURAL_COVERAGE"
"GHSP0395","kubernetes-sigs/karpenter",1,"PRE_OUTCOME_STRUCTURAL_COVERAGE"
"GHSP0396","kubernetes-sigs/kwok",1,"PRE_OUTCOME_STRUCTURAL_COVERAGE"
"GHSP0397","kubernetes/kubeadm",1,"PRE_OUTCOME_STRUCTURAL_COVERAGE"
"GHSP0398","kubernetes/kubernetes",1,"PRE_OUTCOME_STRUCTURAL_COVERAGE"
"GHSP0399","kubernetes/minikube",1,"PRE_OUTCOME_STRUCTURAL_COVERAGE"
"GHSP0401","KusionStack/kusion",1,"PRE_OUTCOME_STRUCTURAL_COVERAGE"
"GHSP0402","labstack/echo",1,"PRE_OUTCOME_STRUCTURAL_COVERAGE"
"GHSP0403","langchain-ai/langchain",1,"PRE_OUTCOME_STRUCTURAL_COVERAGE"
"GHSP0406","langhuihui/jessibuca",1,"PRE_OUTCOME_STRUCTURAL_COVERAGE"
"GHSP0407","laoshanxi/app-mesh",1,"PRE_OUTCOME_STRUCTURAL_COVERAGE"
"GHSP0408","laravel/framework",1,"PRE_OUTCOME_STRUCTURAL_COVERAGE"
"GHSP0409","layui/layui",1,"PRE_OUTCOME_STRUCTURAL_COVERAGE"
"GHSP0410","LazyVim/LazyVim",1,"PRE_OUTCOME_STRUCTURAL_COVERAGE"
"GHSP0411","Leaflet/Leaflet",1,"PRE_OUTCOME_STRUCTURAL_COVERAGE"
"GHSP0412","leanprover/lean4",1,"PRE_OUTCOME_STRUCTURAL_COVERAGE"
"GHSP0413","leizongmin/js-xss",1,"PRE_OUTCOME_STRUCTURAL_COVERAGE"
"GHSP0414","leonchen83/redis-replicator",1,"PRE_OUTCOME_STRUCTURAL_COVERAGE"
"GHSP0415","less/less.js",1,"PRE_OUTCOME_STRUCTURAL_COVERAGE"
"GHSP0416","lf-edge/eve",1,"PRE_OUTCOME_STRUCTURAL_COVERAGE"
"GHSP0417","LibChecker/LibChecker",1,"PRE_OUTCOME_STRUCTURAL_COVERAGE"
"GHSP0418","LibChecker/LibChecker-Rules",1,"PRE_OUTCOME_STRUCTURAL_COVERAGE"
"GHSP0419","libgd/libgd",1,"PRE_OUTCOME_STRUCTURAL_COVERAGE"
"GHSP0420","libgdx/libgdx",1,"PRE_OUTCOME_STRUCTURAL_COVERAGE"
"GHSP0421","libgit2/libgit2",1,"PRE_OUTCOME_STRUCTURAL_COVERAGE"
"GHSP0422","libp2p/go-libp2p",1,"PRE_OUTCOME_STRUCTURAL_COVERAGE"
"GHSP0423","libp2p/js-libp2p",1,"PRE_OUTCOME_STRUCTURAL_COVERAGE"
"GHSP0424","libp2p/rust-libp2p",1,"PRE_OUTCOME_STRUCTURAL_COVERAGE"
"GHSP0425","librariesio/libraries.io",1,"PRE_OUTCOME_STRUCTURAL_COVERAGE"
"GHSP0426","libuv/libuv",1,"PRE_OUTCOME_STRUCTURAL_COVERAGE"
"GHSP0427","lightningnetwork/lnd",1,"PRE_OUTCOME_STRUCTURAL_COVERAGE"
"GHSP0428","linnovate/mean",1,"PRE_OUTCOME_STRUCTURAL_COVERAGE"
"GHSP0429","linuxmint/cinnamon-spices-applets",1,"PRE_OUTCOME_STRUCTURAL_COVERAGE"
"GHSP0430","LinuxSuRen/api-testing",1,"PRE_OUTCOME_STRUCTURAL_COVERAGE"
"GHSP0432","llvm/llvm-project",1,"PRE_OUTCOME_STRUCTURAL_COVERAGE"
"GHSP0433","locustio/locust",1,"PRE_OUTCOME_STRUCTURAL_COVERAGE"
"GHSP0434","lodash/lodash",1,"PRE_OUTCOME_STRUCTURAL_COVERAGE"
"GHSP0435","loggie-io/loggie",1,"PRE_OUTCOME_STRUCTURAL_COVERAGE"
"GHSP0436","lostisland/faraday",1,"PRE_OUTCOME_STRUCTURAL_COVERAGE"
"GHSP0437","lra/mackup",1,"PRE_OUTCOME_STRUCTURAL_COVERAGE"
"GHSP0438","madler/zlib",1,"PRE_OUTCOME_STRUCTURAL_COVERAGE"
"GHSP0439","madrobby/zepto",1,"PRE_OUTCOME_STRUCTURAL_COVERAGE"
"GHSP0440","magento/magento2",1,"PRE_OUTCOME_STRUCTURAL_COVERAGE"
"GHSP0441","MahApps/MahApps.Metro",1,"PRE_OUTCOME_STRUCTURAL_COVERAGE"
"GHSP0442","mail-in-a-box/mailinabox",1,"PRE_OUTCOME_STRUCTURAL_COVERAGE"
"GHSP0443","manateelazycat/lsp-bridge",1,"PRE_OUTCOME_STRUCTURAL_COVERAGE"
"GHSP0444","maplibre/maplibre-gl-js",1,"PRE_OUTCOME_STRUCTURAL_COVERAGE"
"GHSP0445","marionettejs/backbone.marionette",1,"PRE_OUTCOME_STRUCTURAL_COVERAGE"
"GHSP0446","marko-js/marko",1,"PRE_OUTCOME_STRUCTURAL_COVERAGE"
"GHSP0447","material-components/material-web",1,"PRE_OUTCOME_STRUCTURAL_COVERAGE"
"GHSP0448","mathjax/MathJax",1,"PRE_OUTCOME_STRUCTURAL_COVERAGE"
"GHSP0449","matplotlib/matplotlib",1,"PRE_OUTCOME_STRUCTURAL_COVERAGE"
"GHSP0451","meow-edit/meow",1,"PRE_OUTCOME_STRUCTURAL_COVERAGE"
"GHSP0452","metabase/metabase",1,"PRE_OUTCOME_STRUCTURAL_COVERAGE"
"GHSP0453","meteor/meteor",1,"PRE_OUTCOME_STRUCTURAL_COVERAGE"
"GHSP0454","micropython/micropython",1,"PRE_OUTCOME_STRUCTURAL_COVERAGE"
"GHSP0455","microsoft/react-native-windows",1,"PRE_OUTCOME_STRUCTURAL_COVERAGE"
"GHSP0456","microsoft/rushstack",1,"PRE_OUTCOME_STRUCTURAL_COVERAGE"
"GHSP0458","middleman/middleman",1,"PRE_OUTCOME_STRUCTURAL_COVERAGE"
"GHSP0459","mikel/mail",1,"PRE_OUTCOME_STRUCTURAL_COVERAGE"
"GHSP0460","mishoo/UglifyJS",1,"PRE_OUTCOME_STRUCTURAL_COVERAGE"
"GHSP0461","mitmproxy/mitmproxy",1,"PRE_OUTCOME_STRUCTURAL_COVERAGE"
"GHSP0462","mixpanel/panel",1,"PRE_OUTCOME_STRUCTURAL_COVERAGE"
"GHSP0463","mjmlio/mjml",1,"PRE_OUTCOME_STRUCTURAL_COVERAGE"
"GHSP0464","mlogclub/bbs-go",1,"PRE_OUTCOME_STRUCTURAL_COVERAGE"
"GHSP0465","mlpack/mlpack",1,"PRE_OUTCOME_STRUCTURAL_COVERAGE"
"GHSP0466","mobile-shell/mosh",1,"PRE_OUTCOME_STRUCTURAL_COVERAGE"
"GHSP0467","mochajs/mocha",1,"PRE_OUTCOME_STRUCTURAL_COVERAGE"
"GHSP0468","mockito/mockito",1,"PRE_OUTCOME_STRUCTURAL_COVERAGE"
"GHSP0469","modAL-python/modAL",1,"PRE_OUTCOME_STRUCTURAL_COVERAGE"
"GHSP0470","Modernizr/Modernizr",1,"PRE_OUTCOME_STRUCTURAL_COVERAGE"
"GHSP0471","mojotech/torch",1,"PRE_OUTCOME_STRUCTURAL_COVERAGE"
"GHSP0472","moment/moment",1,"PRE_OUTCOME_STRUCTURAL_COVERAGE"
"GHSP0473","monero-project/monero",1,"PRE_OUTCOME_STRUCTURAL_COVERAGE"
"GHSP0474","mono/mono",1,"PRE_OUTCOME_STRUCTURAL_COVERAGE"
"GHSP0476","mootools/mootools-core",1,"PRE_OUTCOME_STRUCTURAL_COVERAGE"
"GHSP0477","mopidy/mopidy",1,"PRE_OUTCOME_STRUCTURAL_COVERAGE"
"GHSP0479","mosn/layotto",1,"PRE_OUTCOME_STRUCTURAL_COVERAGE"
"GHSP0480","MountainDash/nonebot-bison",1,"PRE_OUTCOME_STRUCTURAL_COVERAGE"
"GHSP0481","MountainDash/nonebot-plugin-send-anything-anywhere",1,"PRE_OUTCOME_STRUCTURAL_COVERAGE"
"GHSP0482","Moya/Moya",1,"PRE_OUTCOME_STRUCTURAL_COVERAGE"
"GHSP0483","mozilla/nunjucks",1,"PRE_OUTCOME_STRUCTURAL_COVERAGE"
"GHSP0484","mozilla/pdf.js",1,"PRE_OUTCOME_STRUCTURAL_COVERAGE"
"GHSP0485","mpv-player/mpv",1,"PRE_OUTCOME_STRUCTURAL_COVERAGE"
"GHSP0486","mrdoob/three.js",1,"PRE_OUTCOME_STRUCTURAL_COVERAGE"
"GHSP0487","mruby/mruby",1,"PRE_OUTCOME_STRUCTURAL_COVERAGE"
"GHSP0488","msgbyte/tailchat",1,"PRE_OUTCOME_STRUCTURAL_COVERAGE"
"GHSP0489","mwaskom/seaborn",1,"PRE_OUTCOME_STRUCTURAL_COVERAGE"
"GHSP0490","mxcl/PromiseKit",1,"PRE_OUTCOME_STRUCTURAL_COVERAGE"
"GHSP0491","mybatis/mybatis-3",1,"PRE_OUTCOME_STRUCTURAL_COVERAGE"
"GHSP0492","MyCATApache/Mycat-Server",1,"PRE_OUTCOME_STRUCTURAL_COVERAGE"
"GHSP0493","napari/napari",1,"PRE_OUTCOME_STRUCTURAL_COVERAGE"
"GHSP0494","NativeScript/NativeScript",1,"PRE_OUTCOME_STRUCTURAL_COVERAGE"
"GHSP0495","nats-io/nats-server",1,"PRE_OUTCOME_STRUCTURAL_COVERAGE"
"GHSP0496","near/nearcore",1,"PRE_OUTCOME_STRUCTURAL_COVERAGE"
"GHSP0497","neo4j/neo4j",1,"PRE_OUTCOME_STRUCTURAL_COVERAGE"
"GHSP0498","neovim/neovim",1,"PRE_OUTCOME_STRUCTURAL_COVERAGE"
"GHSP0500","Netflix/Hystrix",1,"PRE_OUTCOME_STRUCTURAL_COVERAGE"
"GHSP0501","netless-io/flat",1,"PRE_OUTCOME_STRUCTURAL_COVERAGE"
"GHSP0502","netty/netty",1,"PRE_OUTCOME_STRUCTURAL_COVERAGE"
"GHSP0503","networkx/networkx",1,"PRE_OUTCOME_STRUCTURAL_COVERAGE"
"GHSP0504","neuronetio/gantt-schedule-timeline-calendar",1,"PRE_OUTCOME_STRUCTURAL_COVERAGE"
"GHSP0505","neutrinolabs/xrdp",1,"PRE_OUTCOME_STRUCTURAL_COVERAGE"
"GHSP0506","nextcloud/server",1,"PRE_OUTCOME_STRUCTURAL_COVERAGE"
"GHSP0507","nginx/kubernetes-ingress",1,"PRE_OUTCOME_STRUCTURAL_COVERAGE"
"GHSP0508","nginx/nginx-gateway-fabric",1,"PRE_OUTCOME_STRUCTURAL_COVERAGE"
"GHSP0509","nicklockwood/iCarousel",1,"PRE_OUTCOME_STRUCTURAL_COVERAGE"
"GHSP0510","nicolargo/glances",1,"PRE_OUTCOME_STRUCTURAL_COVERAGE"
"GHSP0511","nightwatchjs/nightwatch",1,"PRE_OUTCOME_STRUCTURAL_COVERAGE"
"GHSP0512","nim-lang/Nim",1,"PRE_OUTCOME_STRUCTURAL_COVERAGE"
"GHSP0513","nimiq/core-rs-albatross",1,"PRE_OUTCOME_STRUCTURAL_COVERAGE"
"GHSP0514","ninenines/cowboy",1,"PRE_OUTCOME_STRUCTURAL_COVERAGE"
"GHSP0515","nlohmann/json",1,"PRE_OUTCOME_STRUCTURAL_COVERAGE"
"GHSP0516","nltk/nltk",1,"PRE_OUTCOME_STRUCTURAL_COVERAGE"
"GHSP0517","node-red/node-red",1,"PRE_OUTCOME_STRUCTURAL_COVERAGE"
"GHSP0518","NodeBB/NodeBB",1,"PRE_OUTCOME_STRUCTURAL_COVERAGE"
"GHSP0519","nodegit/nodegit",1,"PRE_OUTCOME_STRUCTURAL_COVERAGE"
"GHSP0520","nodejs/node",1,"PRE_OUTCOME_STRUCTURAL_COVERAGE"
"GHSP0521","nolimits4web/swiper",1,"PRE_OUTCOME_STRUCTURAL_COVERAGE"
"GHSP0522","norman/friendly_id",1,"PRE_OUTCOME_STRUCTURAL_COVERAGE"
"GHSP0523","notepad-plus-plus/notepad-plus-plus",1,"PRE_OUTCOME_STRUCTURAL_COVERAGE"
"GHSP0524","nothings/stb",1,"PRE_OUTCOME_STRUCTURAL_COVERAGE"
"GHSP0525","novus/nvd3",1,"PRE_OUTCOME_STRUCTURAL_COVERAGE"
"GHSP0526","nrwl/nx",1,"PRE_OUTCOME_STRUCTURAL_COVERAGE"
"GHSP0527","nsqio/nsq",1,"PRE_OUTCOME_STRUCTURAL_COVERAGE"
"GHSP0528","nteract/nteract",1,"PRE_OUTCOME_STRUCTURAL_COVERAGE"
"GHSP0529","ntucllab/libact",1,"PRE_OUTCOME_STRUCTURAL_COVERAGE"
"GHSP0530","numpy/numpy",1,"PRE_OUTCOME_STRUCTURAL_COVERAGE"
"GHSP0531","nvbn/thefuck",1,"PRE_OUTCOME_STRUCTURAL_COVERAGE"
"GHSP0532","NVIDIA/apex",1,"PRE_OUTCOME_STRUCTURAL_COVERAGE"
"GHSP0533","NVIDIA/cccl",1,"PRE_OUTCOME_STRUCTURAL_COVERAGE"
"GHSP0534","NVIDIA/cuCollections",1,"PRE_OUTCOME_STRUCTURAL_COVERAGE"
"GHSP0536","NVIDIA/cuda-samples",1,"PRE_OUTCOME_STRUCTURAL_COVERAGE"
"GHSP0537","NVIDIA/CUDALibrarySamples",1,"PRE_OUTCOME_STRUCTURAL_COVERAGE"
"GHSP0538","NVIDIA/cuQuantum",1,"PRE_OUTCOME_STRUCTURAL_COVERAGE"
"GHSP0539","NVIDIA/cutlass",1,"PRE_OUTCOME_STRUCTURAL_COVERAGE"
"GHSP0540","NVIDIA/DALI",1,"PRE_OUTCOME_STRUCTURAL_COVERAGE"
"GHSP0541","NVIDIA/FasterTransformer",1,"PRE_OUTCOME_STRUCTURAL_COVERAGE"
"GHSP0542","NVIDIA/gpu-operator",1,"PRE_OUTCOME_STRUCTURAL_COVERAGE"
"GHSP0543","NVIDIA/jitify",1,"PRE_OUTCOME_STRUCTURAL_COVERAGE"
"GHSP0544","NVIDIA/MatX",1,"PRE_OUTCOME_STRUCTURAL_COVERAGE"
"GHSP0545","NVIDIA/Megatron-LM",1,"PRE_OUTCOME_STRUCTURAL_COVERAGE"
"GHSP0546","NVIDIA/MinkowskiEngine",1,"PRE_OUTCOME_STRUCTURAL_COVERAGE"
"GHSP0547","NVIDIA/nccl",1,"PRE_OUTCOME_STRUCTURAL_COVERAGE"
"GHSP0548","NVIDIA/nvbench",1,"PRE_OUTCOME_STRUCTURAL_COVERAGE"
"GHSP0549","NVIDIA/open-gpu-kernel-modules",1,"PRE_OUTCOME_STRUCTURAL_COVERAGE"
"GHSP0550","NVIDIA/TensorRT",1,"PRE_OUTCOME_STRUCTURAL_COVERAGE"
"GHSP0552","NVIDIA/TransformerEngine",1,"PRE_OUTCOME_STRUCTURAL_COVERAGE"
"GHSP0553","nwjs/nw.js",1,"PRE_OUTCOME_STRUCTURAL_COVERAGE"
"GHSP0554","OAI/OpenAPI-Specification",1,"PRE_OUTCOME_STRUCTURAL_COVERAGE"
"GHSP0555","oceanbase/oceanbase",1,"PRE_OUTCOME_STRUCTURAL_COVERAGE"
"GHSP0556","ocornut/imgui",1,"PRE_OUTCOME_STRUCTURAL_COVERAGE"
"GHSP0557","octobercms/october",1,"PRE_OUTCOME_STRUCTURAL_COVERAGE"
"GHSP0558","odoo/odoo",1,"PRE_OUTCOME_STRUCTURAL_COVERAGE"
"GHSP0559","OldPanda/Open-the-F-king-URL-Right-Now",1,"PRE_OUTCOME_STRUCTURAL_COVERAGE"
"GHSP0561","onevcat/Kingfisher",1,"PRE_OUTCOME_STRUCTURAL_COVERAGE"
"GHSP0562","onflow/flow",1,"PRE_OUTCOME_STRUCTURAL_COVERAGE"
"GHSP0563","OnsenUI/OnsenUI",1,"PRE_OUTCOME_STRUCTURAL_COVERAGE"
"GHSP0564","opal/opal",1,"PRE_OUTCOME_STRUCTURAL_COVERAGE"
"GHSP0565","Open-CAS/ocf",1,"PRE_OUTCOME_STRUCTURAL_COVERAGE"
"GHSP0569","opencart/opencart",1,"PRE_OUTCOME_STRUCTURAL_COVERAGE"
"GHSP0570","opencast/opencast",1,"PRE_OUTCOME_STRUCTURAL_COVERAGE"
"GHSP0571","opencontainers/runc",1,"PRE_OUTCOME_STRUCTURAL_COVERAGE"
"GHSP0572","opendcim/openDCIM",1,"PRE_OUTCOME_STRUCTURAL_COVERAGE"
"GHSP0573","openframeworks/openFrameworks",1,"PRE_OUTCOME_STRUCTURAL_COVERAGE"
"GHSP0574","opengoofy/hippo4j",1,"PRE_OUTCOME_STRUCTURAL_COVERAGE"
"GHSP0575","openjdk/jdk",1,"PRE_OUTCOME_STRUCTURAL_COVERAGE"
"GHSP0576","OpenRA/OpenRA",1,"PRE_OUTCOME_STRUCTURAL_COVERAGE"
"GHSP0577","OpenRefine/OpenRefine",1,"PRE_OUTCOME_STRUCTURAL_COVERAGE"
"GHSP0578","openresty/lua-nginx-module",1,"PRE_OUTCOME_STRUCTURAL_COVERAGE"
"GHSP0579","opensearch-project/OpenSearch",1,"PRE_OUTCOME_STRUCTURAL_COVERAGE"
"GHSP0580","opensource-f2f/episode",1,"PRE_OUTCOME_STRUCTURAL_COVERAGE"
"GHSP0581","openssl/openssl",1,"PRE_OUTCOME_STRUCTURAL_COVERAGE"
"GHSP0582","openstreetmap/iD",1,"PRE_OUTCOME_STRUCTURAL_COVERAGE"
"GHSP0583","opensumi/core",1,"PRE_OUTCOME_STRUCTURAL_COVERAGE"
"GHSP0584","openSUSE/open-build-service",1,"PRE_OUTCOME_STRUCTURAL_COVERAGE"
"GHSP0586","opentiny/tiny-vue",1,"PRE_OUTCOME_STRUCTURAL_COVERAGE"
"GHSP0587","openucx/ucx",1,"PRE_OUTCOME_STRUCTURAL_COVERAGE"
"GHSP0588","openwrt/openwrt",1,"PRE_OUTCOME_STRUCTURAL_COVERAGE"
"GHSP0589","openzipkin/zipkin",1,"PRE_OUTCOME_STRUCTURAL_COVERAGE"
"GHSP0590","orientechnologies/orientdb",1,"PRE_OUTCOME_STRUCTURAL_COVERAGE"
"GHSP0591","originjs/vite-plugin-federation",1,"PRE_OUTCOME_STRUCTURAL_COVERAGE"
"GHSP0592","oss-compass/compass-metrics-model",1,"PRE_OUTCOME_STRUCTURAL_COVERAGE"
"GHSP0593","oss-compass/compass-web",1,"PRE_OUTCOME_STRUCTURAL_COVERAGE"
"GHSP0594","oss-review-toolkit/ort",1,"PRE_OUTCOME_STRUCTURAL_COVERAGE"
"GHSP0595","ossf/criticality_score",1,"PRE_OUTCOME_STRUCTURAL_COVERAGE"
"GHSP0596","ossf/scorecard",1,"PRE_OUTCOME_STRUCTURAL_COVERAGE"
"GHSP0597","ossrs/srs",1,"PRE_OUTCOME_STRUCTURAL_COVERAGE"
"GHSP0598","owncloud/core",1,"PRE_OUTCOME_STRUCTURAL_COVERAGE"
"GHSP0599","padrino/padrino-framework",1,"PRE_OUTCOME_STRUCTURAL_COVERAGE"
"GHSP0600","PanJiaChen/vue-element-admin",1,"PRE_OUTCOME_STRUCTURAL_COVERAGE"
"GHSP0601","panpf/sketch",1,"PRE_OUTCOME_STRUCTURAL_COVERAGE"
"GHSP0602","paperjs/paper.js",1,"PRE_OUTCOME_STRUCTURAL_COVERAGE"
"GHSP0603","paramiko/paramiko",1,"PRE_OUTCOME_STRUCTURAL_COVERAGE"
"GHSP0604","PCRE2Project/pcre2",1,"PRE_OUTCOME_STRUCTURAL_COVERAGE"
"GHSP0605","pennersr/django-allauth",1,"PRE_OUTCOME_STRUCTURAL_COVERAGE"
"GHSP0606","petkaantonov/bluebird",1,"PRE_OUTCOME_STRUCTURAL_COVERAGE"
"GHSP0607","phalcon/cphalcon",1,"PRE_OUTCOME_STRUCTURAL_COVERAGE"
"GHSP0608","philc/vimium",1,"PRE_OUTCOME_STRUCTURAL_COVERAGE"
"GHSP0609","PhilJay/MPAndroidChart",1,"PRE_OUTCOME_STRUCTURAL_COVERAGE"
"GHSP0611","phoenixframework/phoenix",1,"PRE_OUTCOME_STRUCTURAL_COVERAGE"
"GHSP0612","photoprism/photoprism",1,"PRE_OUTCOME_STRUCTURAL_COVERAGE"
"GHSP0613","PHPMailer/PHPMailer",1,"PRE_OUTCOME_STRUCTURAL_COVERAGE"
"GHSP0614","pig-mesh/pig",1,"PRE_OUTCOME_STRUCTURAL_COVERAGE"
"GHSP0615","pingcap/tidb",1,"PRE_OUTCOME_STRUCTURAL_COVERAGE"
"GHSP0616","piskvorky/gensim",1,"PRE_OUTCOME_STRUCTURAL_COVERAGE"
"GHSP0617","planety/prologue",1,"PRE_OUTCOME_STRUCTURAL_COVERAGE"
"GHSP0618","player-ui/player",1,"PRE_OUTCOME_STRUCTURAL_COVERAGE"
"GHSP0619","playframework/playframework",1,"PRE_OUTCOME_STRUCTURAL_COVERAGE"
"GHSP0620","plotly/plotly.js",1,"PRE_OUTCOME_STRUCTURAL_COVERAGE"
"GHSP0621","Polymer/polymer",1,"PRE_OUTCOME_STRUCTURAL_COVERAGE"
"GHSP0622","postcss/postcss",1,"PRE_OUTCOME_STRUCTURAL_COVERAGE"
"GHSP0623","PowerJob/PowerJob",1,"PRE_OUTCOME_STRUCTURAL_COVERAGE"
"GHSP0624","powerline/powerline",1,"PRE_OUTCOME_STRUCTURAL_COVERAGE"
"GHSP0625","prawnpdf/prawn",1,"PRE_OUTCOME_STRUCTURAL_COVERAGE"
"GHSP0626","presidentbeef/brakeman",1,"PRE_OUTCOME_STRUCTURAL_COVERAGE"
"GHSP0627","prestodb/presto",1,"PRE_OUTCOME_STRUCTURAL_COVERAGE"
"GHSP0628","prettier/prettier",1,"PRE_OUTCOME_STRUCTURAL_COVERAGE"
"GHSP0629","PrismJS/prism",1,"PRE_OUTCOME_STRUCTURAL_COVERAGE"
"GHSP0630","processing/p5.js",1,"PRE_OUTCOME_STRUCTURAL_COVERAGE"
"GHSP0631","processing/processing",1,"PRE_OUTCOME_STRUCTURAL_COVERAGE"
"GHSP0632","processone/ejabberd",1,"PRE_OUTCOME_STRUCTURAL_COVERAGE"
"GHSP0633","project-copacetic/copacetic",1,"PRE_OUTCOME_STRUCTURAL_COVERAGE"
"GHSP0634","prometheus/prometheus",1,"PRE_OUTCOME_STRUCTURAL_COVERAGE"
"GHSP0635","pry/pry",1,"PRE_OUTCOME_STRUCTURAL_COVERAGE"
"GHSP0636","puma/puma",1,"PRE_OUTCOME_STRUCTURAL_COVERAGE"
"GHSP0637","purescript/purescript",1,"PRE_OUTCOME_STRUCTURAL_COVERAGE"
"GHSP0638","PX4/PX4-Autopilot",1,"PRE_OUTCOME_STRUCTURAL_COVERAGE"
"GHSP0639","pypa/pip",1,"PRE_OUTCOME_STRUCTURAL_COVERAGE"
"GHSP0640","PyTables/PyTables",1,"PRE_OUTCOME_STRUCTURAL_COVERAGE"
"GHSP0641","python-pillow/Pillow",1,"PRE_OUTCOME_STRUCTURAL_COVERAGE"
"GHSP0642","pytorch/pytorch",1,"PRE_OUTCOME_STRUCTURAL_COVERAGE"
"GHSP0643","qax-os/excelize",1,"PRE_OUTCOME_STRUCTURAL_COVERAGE"
"GHSP0644","QL-Win/QuickLook",1,"PRE_OUTCOME_STRUCTURAL_COVERAGE"
"GHSP0645","QuantEcon/QuantEcon.py",1,"PRE_OUTCOME_STRUCTURAL_COVERAGE"
"GHSP0646","quantopian/zipline",1,"PRE_OUTCOME_STRUCTURAL_COVERAGE"
"GHSP0648","rabbitmq/rabbitmq-server",1,"PRE_OUTCOME_STRUCTURAL_COVERAGE"
"GHSP0649","rack/rack",1,"PRE_OUTCOME_STRUCTURAL_COVERAGE"
"GHSP0650","ractivejs/ractive",1,"PRE_OUTCOME_STRUCTURAL_COVERAGE"
"GHSP0651","rails-api/active_model_serializers",1,"PRE_OUTCOME_STRUCTURAL_COVERAGE"
"GHSP0652","rails/rails",1,"PRE_OUTCOME_STRUCTURAL_COVERAGE"
"GHSP0653","ramda/ramda",1,"PRE_OUTCOME_STRUCTURAL_COVERAGE"
"GHSP0654","rancher/rancher",1,"PRE_OUTCOME_STRUCTURAL_COVERAGE"
"GHSP0655","rapid7/metasploit-framework",1,"PRE_OUTCOME_STRUCTURAL_COVERAGE"
"GHSP0656","raspberrypi/linux",1,"PRE_OUTCOME_STRUCTURAL_COVERAGE"
"GHSP0657","rbenv/ruby-build",1,"PRE_OUTCOME_STRUCTURAL_COVERAGE"
"GHSP0658","react-bootstrap/react-bootstrap",1,"PRE_OUTCOME_STRUCTURAL_COVERAGE"
"GHSP0659","react-toolbox/react-toolbox",1,"PRE_OUTCOME_STRUCTURAL_COVERAGE"
"GHSP0660","reactive/data-client",1,"PRE_OUTCOME_STRUCTURAL_COVERAGE"
"GHSP0661","reactiveui/ReactiveUI",1,"PRE_OUTCOME_STRUCTURAL_COVERAGE"
"GHSP0662","ReactiveX/RxJava",1,"PRE_OUTCOME_STRUCTURAL_COVERAGE"
"GHSP0663","ReactiveX/RxSwift",1,"PRE_OUTCOME_STRUCTURAL_COVERAGE"
"GHSP0664","reactjs/react-rails",1,"PRE_OUTCOME_STRUCTURAL_COVERAGE"
"GHSP0665","realm/jazzy",1,"PRE_OUTCOME_STRUCTURAL_COVERAGE"
"GHSP0666","realm/SwiftLint",1,"PRE_OUTCOME_STRUCTURAL_COVERAGE"
"GHSP0667","redis/redis-rb",1,"PRE_OUTCOME_STRUCTURAL_COVERAGE"
"GHSP0668","refinery/refinerycms",1,"PRE_OUTCOME_STRUCTURAL_COVERAGE"
"GHSP0669","remy/nodemon",1,"PRE_OUTCOME_STRUCTURAL_COVERAGE"
"GHSP0670","request/request",1,"PRE_OUTCOME_STRUCTURAL_COVERAGE"
"GHSP0671","research-software-directory/RSD-as-a-service",1,"PRE_OUTCOME_STRUCTURAL_COVERAGE"
"GHSP0672","ResearchKit/ResearchKit",1,"PRE_OUTCOME_STRUCTURAL_COVERAGE"
"GHSP0673","resque/resque",1,"PRE_OUTCOME_STRUCTURAL_COVERAGE"
"GHSP0674","RestKit/RestKit",1,"PRE_OUTCOME_STRUCTURAL_COVERAGE"
"GHSP0675","restsharp/RestSharp",1,"PRE_OUTCOME_STRUCTURAL_COVERAGE"
"GHSP0676","RetroPie/RetroPie-Setup",1,"PRE_OUTCOME_STRUCTURAL_COVERAGE"
"GHSP0677","riscv/riscv-isa-manual",1,"PRE_OUTCOME_STRUCTURAL_COVERAGE"
"GHSP0678","RobertCraigie/pyright-python",1,"PRE_OUTCOME_STRUCTURAL_COVERAGE"
"GHSP0679","rocboss/paopao-ce",1,"PRE_OUTCOME_STRUCTURAL_COVERAGE"
"GHSP0680","RocketChat/Rocket.Chat",1,"PRE_OUTCOME_STRUCTURAL_COVERAGE"
"GHSP0681","rollup/rollup",1,"PRE_OUTCOME_STRUCTURAL_COVERAGE"
"GHSP0682","roots/sage",1,"PRE_OUTCOME_STRUCTURAL_COVERAGE"
"GHSP0683","rqlite/rqlite",1,"PRE_OUTCOME_STRUCTURAL_COVERAGE"
"GHSP0684","rspec/rspec-rails",1,"PRE_OUTCOME_STRUCTURAL_COVERAGE"
"GHSP0685","RubixML/ML",1,"PRE_OUTCOME_STRUCTURAL_COVERAGE"
"GHSP0686","ruby-grape/grape",1,"PRE_OUTCOME_STRUCTURAL_COVERAGE"
"GHSP0687","rust-lang/rust",1,"PRE_OUTCOME_STRUCTURAL_COVERAGE"
"GHSP0688","rustdesk/rustdesk",1,"PRE_OUTCOME_STRUCTURAL_COVERAGE"
"GHSP0691","rvm/rvm",1,"PRE_OUTCOME_STRUCTURAL_COVERAGE"
"GHSP0692","rwaldron/johnny-five",1,"PRE_OUTCOME_STRUCTURAL_COVERAGE"
"GHSP0693","sahat/hackathon-starter",1,"PRE_OUTCOME_STRUCTURAL_COVERAGE"
"GHSP0694","saltstack/salt",1,"PRE_OUTCOME_STRUCTURAL_COVERAGE"
"GHSP0695","sameersbn/docker-gitlab",1,"PRE_OUTCOME_STRUCTURAL_COVERAGE"
"GHSP0696","sammycage/lunasvg",1,"PRE_OUTCOME_STRUCTURAL_COVERAGE"
"GHSP0697","samuelclay/NewsBlur",1,"PRE_OUTCOME_STRUCTURAL_COVERAGE"
"GHSP0698","sandstorm-io/sandstorm",1,"PRE_OUTCOME_STRUCTURAL_COVERAGE"
"GHSP0699","sbt/sbt",1,"PRE_OUTCOME_STRUCTURAL_COVERAGE"
"GHSP0700","scala-js/scala-js",1,"PRE_OUTCOME_STRUCTURAL_COVERAGE"
"GHSP0701","scalaz/scalaz",1,"PRE_OUTCOME_STRUCTURAL_COVERAGE"
"GHSP0702","scikit-learn/scikit-learn",1,"PRE_OUTCOME_STRUCTURAL_COVERAGE"
"GHSP0703","scipy/scipy",1,"PRE_OUTCOME_STRUCTURAL_COVERAGE"
"GHSP0704","scrapy/scrapy",1,"PRE_OUTCOME_STRUCTURAL_COVERAGE"
"GHSP0705","scribejava/scribejava",1,"PRE_OUTCOME_STRUCTURAL_COVERAGE"
"GHSP0706","seajs/seajs",1,"PRE_OUTCOME_STRUCTURAL_COVERAGE"
"GHSP0707","sebastianbergmann/phpunit",1,"PRE_OUTCOME_STRUCTURAL_COVERAGE"
"GHSP0708","Seldaek/monolog",1,"PRE_OUTCOME_STRUCTURAL_COVERAGE"
"GHSP0709","SeldonIO/seldon-core",1,"PRE_OUTCOME_STRUCTURAL_COVERAGE"
"GHSP0710","select2/select2",1,"PRE_OUTCOME_STRUCTURAL_COVERAGE"
"GHSP0711","SeleniumHQ/selenium",1,"PRE_OUTCOME_STRUCTURAL_COVERAGE"
"GHSP0712","Semantic-Org/Semantic-UI",1,"PRE_OUTCOME_STRUCTURAL_COVERAGE"
"GHSP0713","senchalabs/connect",1,"PRE_OUTCOME_STRUCTURAL_COVERAGE"
"GHSP0714","sequelize/sequelize",1,"PRE_OUTCOME_STRUCTURAL_COVERAGE"
"GHSP0715","sermant-io/Sermant",1,"PRE_OUTCOME_STRUCTURAL_COVERAGE"
"GHSP0716","serverless/serverless",1,"PRE_OUTCOME_STRUCTURAL_COVERAGE"
"GHSP0717","seyhunak/twitter-bootstrap-rails",1,"PRE_OUTCOME_STRUCTURAL_COVERAGE"
"GHSP0718","SFML/SFML",1,"PRE_OUTCOME_STRUCTURAL_COVERAGE"
"GHSP0719","SFTtech/openage",1,"PRE_OUTCOME_STRUCTURAL_COVERAGE"
"GHSP0721","shadowsocks/shadowsocks-android",1,"PRE_OUTCOME_STRUCTURAL_COVERAGE"
"GHSP0722","shadowsocks/shadowsocks-windows",1,"PRE_OUTCOME_STRUCTURAL_COVERAGE"
"GHSP0723","ShareX/ShareX",1,"PRE_OUTCOME_STRUCTURAL_COVERAGE"
"GHSP0724","Shopify/liquid",1,"PRE_OUTCOME_STRUCTURAL_COVERAGE"
"GHSP0725","sidekiq-cron/sidekiq-cron",1,"PRE_OUTCOME_STRUCTURAL_COVERAGE"
"GHSP0726","sidekiq-scheduler/sidekiq-scheduler",1,"PRE_OUTCOME_STRUCTURAL_COVERAGE"
"GHSP0727","SignalR/SignalR",1,"PRE_OUTCOME_STRUCTURAL_COVERAGE"
"GHSP0728","sigstore/cosign",1,"PRE_OUTCOME_STRUCTURAL_COVERAGE"
"GHSP0729","simple-robot/simpler-robot",1,"PRE_OUTCOME_STRUCTURAL_COVERAGE"
"GHSP0730","sinatra/sinatra",1,"PRE_OUTCOME_STRUCTURAL_COVERAGE"
"GHSP0731","sinonjs/sinon",1,"PRE_OUTCOME_STRUCTURAL_COVERAGE"
"GHSP0732","SirVer/ultisnips",1,"PRE_OUTCOME_STRUCTURAL_COVERAGE"
"GHSP0733","siteserver/cms",1,"PRE_OUTCOME_STRUCTURAL_COVERAGE"
"GHSP0734","sktime/sktime",1,"PRE_OUTCOME_STRUCTURAL_COVERAGE"
"GHSP0735","slime/slime",1,"PRE_OUTCOME_STRUCTURAL_COVERAGE"
"GHSP0736","slimphp/Slim",1,"PRE_OUTCOME_STRUCTURAL_COVERAGE"
"GHSP0737","smartcontractkit/chainlink",1,"PRE_OUTCOME_STRUCTURAL_COVERAGE"
"GHSP0738","snowplow/snowplow",1,"PRE_OUTCOME_STRUCTURAL_COVERAGE"
"GHSP0739","socketio/socket.io",1,"PRE_OUTCOME_STRUCTURAL_COVERAGE"
"GHSP0740","SoftEtherVPN/SoftEtherVPN",1,"PRE_OUTCOME_STRUCTURAL_COVERAGE"
"GHSP0741","softonic/axios-retry",1,"PRE_OUTCOME_STRUCTURAL_COVERAGE"
"GHSP0742","solidjs/solid",1,"PRE_OUTCOME_STRUCTURAL_COVERAGE"
"GHSP0743","sorin-ionescu/prezto",1,"PRE_OUTCOME_STRUCTURAL_COVERAGE"
"GHSP0744","sparkle-project/Sparkle",1,"PRE_OUTCOME_STRUCTURAL_COVERAGE"
"GHSP0745","sparklemotion/nokogiri",1,"PRE_OUTCOME_STRUCTURAL_COVERAGE"
"GHSP0746","spidernet-io/spiderpool",1,"PRE_OUTCOME_STRUCTURAL_COVERAGE"
"GHSP0747","spiral-project/ihatemoney",1,"PRE_OUTCOME_STRUCTURAL_COVERAGE"
"GHSP0748","spotify/luigi",1,"PRE_OUTCOME_STRUCTURAL_COVERAGE"
"GHSP0749","spree/spree",1,"PRE_OUTCOME_STRUCTURAL_COVERAGE"
"GHSP0751","spring-projects/spring-boot",1,"PRE_OUTCOME_STRUCTURAL_COVERAGE"
"GHSP0752","spring-projects/spring-framework",1,"PRE_OUTCOME_STRUCTURAL_COVERAGE"
"GHSP0753","sqlitebrowser/sqlitebrowser",1,"PRE_OUTCOME_STRUCTURAL_COVERAGE"
"GHSP0754","square/leakcanary",1,"PRE_OUTCOME_STRUCTURAL_COVERAGE"
"GHSP0755","squizlabs/PHP_CodeSniffer",1,"PRE_OUTCOME_STRUCTURAL_COVERAGE"
"GHSP0756","srikanth-lingala/zip4j",1,"PRE_OUTCOME_STRUCTURAL_COVERAGE"
"GHSP0757","StarRocks/starrocks",1,"PRE_OUTCOME_STRUCTURAL_COVERAGE"
"GHSP0758","StevenBlack/hosts",1,"PRE_OUTCOME_STRUCTURAL_COVERAGE"
"GHSP0759","stoneatom/stonedb",1,"PRE_OUTCOME_STRUCTURAL_COVERAGE"
"GHSP0760","streamlit/streamlit",1,"PRE_OUTCOME_STRUCTURAL_COVERAGE"
"GHSP0761","stylus/stylus",1,"PRE_OUTCOME_STRUCTURAL_COVERAGE"
"GHSP0762","sublimehq/Packages",1,"PRE_OUTCOME_STRUCTURAL_COVERAGE"
"GHSP0763","summernote/summernote",1,"PRE_OUTCOME_STRUCTURAL_COVERAGE"
"GHSP0764","sunny0826/kubecm",1,"PRE_OUTCOME_STRUCTURAL_COVERAGE"
"GHSP0765","sunspot/sunspot",1,"PRE_OUTCOME_STRUCTURAL_COVERAGE"
"GHSP0766","Supervisor/supervisor",1,"PRE_OUTCOME_STRUCTURAL_COVERAGE"
"GHSP0767","sveltejs/svelte",1,"PRE_OUTCOME_STRUCTURAL_COVERAGE"
"GHSP0768","svg/svgo",1,"PRE_OUTCOME_STRUCTURAL_COVERAGE"
"GHSP0769","swagger-api/swagger-core",1,"PRE_OUTCOME_STRUCTURAL_COVERAGE"
"GHSP0770","swc-project/swc",1,"PRE_OUTCOME_STRUCTURAL_COVERAGE"
"GHSP0771","swoole/swoole-src",1,"PRE_OUTCOME_STRUCTURAL_COVERAGE"
"GHSP0772","syl20bnr/spacemacs",1,"PRE_OUTCOME_STRUCTURAL_COVERAGE"
"GHSP0773","Sylius/Sylius",1,"PRE_OUTCOME_STRUCTURAL_COVERAGE"
"GHSP0774","symfony/symfony",1,"PRE_OUTCOME_STRUCTURAL_COVERAGE"
"GHSP0775","sympy/sympy",1,"PRE_OUTCOME_STRUCTURAL_COVERAGE"
"GHSP0776","syncthing/syncthing",1,"PRE_OUTCOME_STRUCTURAL_COVERAGE"
"GHSP0777","sysrepo/sysrepo",1,"PRE_OUTCOME_STRUCTURAL_COVERAGE"
"GHSP0778","systemjs/systemjs",1,"PRE_OUTCOME_STRUCTURAL_COVERAGE"
"GHSP0779","taigaio/taiga-back",1,"PRE_OUTCOME_STRUCTURAL_COVERAGE"
"GHSP0780","taosdata/TDengine",1,"PRE_OUTCOME_STRUCTURAL_COVERAGE"
"GHSP0781","tastejs/todomvc",1,"PRE_OUTCOME_STRUCTURAL_COVERAGE"
"GHSP0782","tc39/ecma262",1,"PRE_OUTCOME_STRUCTURAL_COVERAGE"
"GHSP0783","telegramdesktop/tdesktop",1,"PRE_OUTCOME_STRUCTURAL_COVERAGE"
"GHSP0784","Tencent/APIJSON",1,"PRE_OUTCOME_STRUCTURAL_COVERAGE"
"GHSP0785","Tencent/TBase",1,"PRE_OUTCOME_STRUCTURAL_COVERAGE"
"GHSP0786","Tencent/vap",1,"PRE_OUTCOME_STRUCTURAL_COVERAGE"
"GHSP0787","Tencent/wcdb",1,"PRE_OUTCOME_STRUCTURAL_COVERAGE"
"GHSP0788","tendermint/tendermint",1,"PRE_OUTCOME_STRUCTURAL_COVERAGE"
"GHSP0789","tensorflow/tensorflow",1,"PRE_OUTCOME_STRUCTURAL_COVERAGE"
"GHSP0790","tesseract-ocr/tesseract",1,"PRE_OUTCOME_STRUCTURAL_COVERAGE"
"GHSP0791","testem/testem",1,"PRE_OUTCOME_STRUCTURAL_COVERAGE"
"GHSP0792","TheAlgorithms/Java",1,"PRE_OUTCOME_STRUCTURAL_COVERAGE"
"GHSP0793","Theano/Theano",1,"PRE_OUTCOME_STRUCTURAL_COVERAGE"
"GHSP0794","theforeman/foreman",1,"PRE_OUTCOME_STRUCTURAL_COVERAGE"
"GHSP0795","thephpleague/flysystem",1,"PRE_OUTCOME_STRUCTURAL_COVERAGE"
"GHSP0796","thingsboard/thingsboard",1,"PRE_OUTCOME_STRUCTURAL_COVERAGE"
"GHSP0797","thingsboard/thingsboard-gateway",1,"PRE_OUTCOME_STRUCTURAL_COVERAGE"
"GHSP0798","THUDM/GLM",1,"PRE_OUTCOME_STRUCTURAL_COVERAGE"
"GHSP0799","thumbor/thumbor",1,"PRE_OUTCOME_STRUCTURAL_COVERAGE"
"GHSP0800","tiddly-gittly/TidGi-Desktop",1,"PRE_OUTCOME_STRUCTURAL_COVERAGE"
"GHSP0801","tikv/pd",1,"PRE_OUTCOME_STRUCTURAL_COVERAGE"
"GHSP0802","tilt-dev/tilt",1,"PRE_OUTCOME_STRUCTURAL_COVERAGE"
"GHSP0803","timber/timber",1,"PRE_OUTCOME_STRUCTURAL_COVERAGE"
"GHSP0804","tinacms/tinacms",1,"PRE_OUTCOME_STRUCTURAL_COVERAGE"
"GHSP0805","tinymce/tinymce",1,"PRE_OUTCOME_STRUCTURAL_COVERAGE"
"GHSP0806","tmux/tmux",1,"PRE_OUTCOME_STRUCTURAL_COVERAGE"
"GHSP0807","toeverything/AFFiNE",1,"PRE_OUTCOME_STRUCTURAL_COVERAGE"
"GHSP0808","Tongsuo-Project/Tongsuo",1,"PRE_OUTCOME_STRUCTURAL_COVERAGE"
"GHSP0809","top-think/framework",1,"PRE_OUTCOME_STRUCTURAL_COVERAGE"
"GHSP0810","top-think/think",1,"PRE_OUTCOME_STRUCTURAL_COVERAGE"
"GHSP0811","top-think/think-orm",1,"PRE_OUTCOME_STRUCTURAL_COVERAGE"
"GHSP0812","tornadoweb/tornado",1,"PRE_OUTCOME_STRUCTURAL_COVERAGE"
"GHSP0813","tpope/vim-fugitive",1,"PRE_OUTCOME_STRUCTURAL_COVERAGE"
"GHSP0814","tqdm/tqdm",1,"PRE_OUTCOME_STRUCTURAL_COVERAGE"
"GHSP0815","trezor/trezor-suite",1,"PRE_OUTCOME_STRUCTURAL_COVERAGE"
"GHSP0816","TrinityCore/TrinityCore",1,"PRE_OUTCOME_STRUCTURAL_COVERAGE"
"GHSP0817","triton-inference-server/server",1,"PRE_OUTCOME_STRUCTURAL_COVERAGE"
"GHSP0818","tronprotocol/java-tron",1,"PRE_OUTCOME_STRUCTURAL_COVERAGE"
"GHSP0819","TryGhost/Ghost",1,"PRE_OUTCOME_STRUCTURAL_COVERAGE"
"GHSP0820","TuGraph-family/tugraph-db",1,"PRE_OUTCOME_STRUCTURAL_COVERAGE"
"GHSP0821","tukaani-project/xz",1,"PRE_OUTCOME_STRUCTURAL_COVERAGE"
"GHSP0822","tw93/Pake",1,"PRE_OUTCOME_STRUCTURAL_COVERAGE"
"GHSP0823","twbs/bootstrap",1,"PRE_OUTCOME_STRUCTURAL_COVERAGE"
"GHSP0824","tweepy/tweepy",1,"PRE_OUTCOME_STRUCTURAL_COVERAGE"
"GHSP0825","twigphp/Twig",1,"PRE_OUTCOME_STRUCTURAL_COVERAGE"
"GHSP0826","typeorm/typeorm",1,"PRE_OUTCOME_STRUCTURAL_COVERAGE"
"GHSP0827","ufo5260987423/scheme-langserver",1,"PRE_OUTCOME_STRUCTURAL_COVERAGE"
"GHSP0828","uikit/uikit",1,"PRE_OUTCOME_STRUCTURAL_COVERAGE"
"GHSP0829","ultralytics/ultralytics",1,"PRE_OUTCOME_STRUCTURAL_COVERAGE"
"GHSP0830","umijs/qiankun",1,"PRE_OUTCOME_STRUCTURAL_COVERAGE"
"GHSP0831","Unitech/pm2",1,"PRE_OUTCOME_STRUCTURAL_COVERAGE"
"GHSP0832","universal-ctags/citre",1,"PRE_OUTCOME_STRUCTURAL_COVERAGE"
"GHSP0833","utom/sketch-measure",1,"PRE_OUTCOME_STRUCTURAL_COVERAGE"
"GHSP0834","v2ray/v2ray-core",1,"PRE_OUTCOME_STRUCTURAL_COVERAGE"
"GHSP0835","Varying-Vagrant-Vagrants/VVV",1,"PRE_OUTCOME_STRUCTURAL_COVERAGE"
"GHSP0836","vechain/thor",1,"PRE_OUTCOME_STRUCTURAL_COVERAGE"
"GHSP0837","vega/vega",1,"PRE_OUTCOME_STRUCTURAL_COVERAGE"
"GHSP0838","videojs/video.js",1,"PRE_OUTCOME_STRUCTURAL_COVERAGE"
"GHSP0839","vim-airline/vim-airline",1,"PRE_OUTCOME_STRUCTURAL_COVERAGE"
"GHSP0840","vim/vim",1,"PRE_OUTCOME_STRUCTURAL_COVERAGE"
"GHSP0842","vitalets/github-trending-repos",1,"PRE_OUTCOME_STRUCTURAL_COVERAGE"
"GHSP0844","voidint/g",1,"PRE_OUTCOME_STRUCTURAL_COVERAGE"
"GHSP0845","vueComponent/ant-design-vue",1,"PRE_OUTCOME_STRUCTURAL_COVERAGE"
"GHSP0846","vuejs/core",1,"PRE_OUTCOME_STRUCTURAL_COVERAGE"
"GHSP0847","vuejs/pinia",1,"PRE_OUTCOME_STRUCTURAL_COVERAGE"
"GHSP0848","vuejs/router",1,"PRE_OUTCOME_STRUCTURAL_COVERAGE"
"GHSP0849","vuejs/vue",1,"PRE_OUTCOME_STRUCTURAL_COVERAGE"
"GHSP0850","vysheng/tg",1,"PRE_OUTCOME_STRUCTURAL_COVERAGE"
"GHSP0851","wandb/wandb",1,"PRE_OUTCOME_STRUCTURAL_COVERAGE"
"GHSP0854","WeBankFinTech/fes.js",1,"PRE_OUTCOME_STRUCTURAL_COVERAGE"
"GHSP0855","webpack/webpack",1,"PRE_OUTCOME_STRUCTURAL_COVERAGE"
"GHSP0856","websockets/ws",1,"PRE_OUTCOME_STRUCTURAL_COVERAGE"
"GHSP0857","wekan/wekan",1,"PRE_OUTCOME_STRUCTURAL_COVERAGE"
"GHSP0858","wenzhixin/bootstrap-table",1,"PRE_OUTCOME_STRUCTURAL_COVERAGE"
"GHSP0859","winstonjs/winston",1,"PRE_OUTCOME_STRUCTURAL_COVERAGE"
"GHSP0861","Wox-launcher/Wox",1,"PRE_OUTCOME_STRUCTURAL_COVERAGE"
"GHSP0862","wp-cli/wp-cli",1,"PRE_OUTCOME_STRUCTURAL_COVERAGE"
"GHSP0863","x-extends/vxe-table",1,"PRE_OUTCOME_STRUCTURAL_COVERAGE"
"GHSP0864","x-extends/xe-utils",1,"PRE_OUTCOME_STRUCTURAL_COVERAGE"
"GHSP0865","xbmc/xbmc",1,"PRE_OUTCOME_STRUCTURAL_COVERAGE"
"GHSP0866","xiangechen/chili3d",1,"PRE_OUTCOME_STRUCTURAL_COVERAGE"
"GHSP0867","XmirrorSecurity/OpenSCA-cli",1,"PRE_OUTCOME_STRUCTURAL_COVERAGE"
"GHSP0868","xpyjs/gantt",1,"PRE_OUTCOME_STRUCTURAL_COVERAGE"
"GHSP0869","XRPLF/rippled",1,"PRE_OUTCOME_STRUCTURAL_COVERAGE"
"GHSP0870","xushengfeng/eSearch",1,"PRE_OUTCOME_STRUCTURAL_COVERAGE"
"GHSP0871","xuxueli/xxl-job",1,"PRE_OUTCOME_STRUCTURAL_COVERAGE"
"GHSP0872","XX-net/XX-Net",1,"PRE_OUTCOME_STRUCTURAL_COVERAGE"
"GHSP0873","yansongda/pay",1,"PRE_OUTCOME_STRUCTURAL_COVERAGE"
"GHSP0874","yiisoft/yii",1,"PRE_OUTCOME_STRUCTURAL_COVERAGE"
"GHSP0875","yiisoft/yii2",1,"PRE_OUTCOME_STRUCTURAL_COVERAGE"
"GHSP0876","yilozt/rounded-window-corners",1,"PRE_OUTCOME_STRUCTURAL_COVERAGE"
"GHSP0877","zedeus/nitter",1,"PRE_OUTCOME_STRUCTURAL_COVERAGE"
"GHSP0878","zephyrproject-rtos/zephyr",1,"PRE_OUTCOME_STRUCTURAL_COVERAGE"
"GHSP0879","zeromq/libzmq",1,"PRE_OUTCOME_STRUCTURAL_COVERAGE"
"GHSP0880","zloirock/core-js",1,"PRE_OUTCOME_STRUCTURAL_COVERAGE"
"GHSP0881","zulip/zulip",1,"PRE_OUTCOME_STRUCTURAL_COVERAGE"
"GHSP0882","Zxilly/UA2F",1,"PRE_OUTCOME_STRUCTURAL_COVERAGE"
