spec_id,family,model,window,sample_rule,y,term,b,se,t,p,ci95_low,ci95_high,sign,p_lt_0_05,pre_estimator_N,pre_estimator_projects,estimator_N,estimator_projects,rsquared_within,rsquared_overall,rsquared_between
R6_1_A_GE6,R6_1_MIN_USABLE_MONTHS,A,2024-01..2025-12,elig_A==1 and project has >=6 eligible months,ln_open_age,ln_resolution,-0.008334224788410479,0.0023223759539328674,-3.588663056167432,0.0003336285685748841,-0.012886431587778278,-0.0037820179890426797,negative,True,13451,717,13451,717,0.14275453055634968,-0.0834687266809675,-0.07538035038978141
R6_1_A_GE6,R6_1_MIN_USABLE_MONTHS,A,2024-01..2025-12,elig_A==1 and project has >=6 eligible months,ln_open_age,ln_issues_new,-0.09470410082134026,0.013047123915726143,-7.25861894414831,4.1389114358025836e-13,-0.12027842960337158,-0.06912977203930894,negative,True,13451,717,13451,717,0.14275453055634968,-0.0834687266809675,-0.07538035038978141
R6_1_A_GE6,R6_1_MIN_USABLE_MONTHS,A,2024-01..2025-12,elig_A==1 and project has >=6 eligible months,ln_open_age,ln_contributors,-0.011555317552385787,0.008001204482859004,-1.4441972551933608,0.14870814985439207,-0.027238883939783784,0.004128248835012208,negative,False,13451,717,13451,717,0.14275453055634968,-0.0834687266809675,-0.07538035038978141
R6_1_A_GE12,R6_1_MIN_USABLE_MONTHS,A,2024-01..2025-12,elig_A==1 and project has >=12 eligible months,ln_open_age,ln_resolution,-0.008345634052840584,0.002511245545913312,-3.3233046710314302,0.0008922799197423892,-0.013268089021608385,-0.003423179084072782,negative,True,12444,600,12444,600,0.14918682595339583,-0.08814831322055472,-0.08378078278892853
R6_1_A_GE12,R6_1_MIN_USABLE_MONTHS,A,2024-01..2025-12,elig_A==1 and project has >=12 eligible months,ln_open_age,ln_issues_new,-0.09716849003591274,0.013936332221443611,-6.972314414721051,3.283817662236288e-12,-0.12448599704014895,-0.06985098303167653,negative,True,12444,600,12444,600,0.14918682595339583,-0.08814831322055472,-0.08378078278892853
R6_1_A_GE12,R6_1_MIN_USABLE_MONTHS,A,2024-01..2025-12,elig_A==1 and project has >=12 eligible months,ln_open_age,ln_contributors,-0.00930900208092033,0.008400997918206006,-1.1080828934318108,0.26784856881358365,-0.02577634196824357,0.0071583378064029105,negative,False,12444,600,12444,600,0.14918682595339583,-0.08814831322055472,-0.08378078278892853
R6_1_B_GE6,R6_1_MIN_USABLE_MONTHS,B,2024-01..2025-12,elig_B==1 and project has >=6 eligible months,asinh_backlog,ln_resolution,0.01307789220040079,0.0056824490493075685,2.3014534907258675,0.021382086605400197,0.0019394374308059174,0.024216346969995663,positive,True,13471,718,13471,718,-0.03742765440232887,0.09133449927069148,0.08709243543952472
R6_1_B_GE6,R6_1_MIN_USABLE_MONTHS,B,2024-01..2025-12,elig_B==1 and project has >=6 eligible months,asinh_backlog,ln_issues_new,0.12374082941282132,0.06613224038915194,1.8711120126079872,0.061352482999458946,-0.00588830795292479,0.25336996677856743,positive,False,13471,718,13471,718,-0.03742765440232887,0.09133449927069148,0.08709243543952472
R6_1_B_GE6,R6_1_MIN_USABLE_MONTHS,B,2024-01..2025-12,elig_B==1 and project has >=6 eligible months,asinh_backlog,ln_contributors,-0.032225083693296255,0.025474995118241434,-1.2649691803167964,0.20590553697903724,-0.08215990553120764,0.017709738144615135,negative,False,13471,718,13471,718,-0.03742765440232887,0.09133449927069148,0.08709243543952472
R6_1_B_GE12,R6_1_MIN_USABLE_MONTHS,B,2024-01..2025-12,elig_B==1 and project has >=12 eligible months,asinh_backlog,ln_resolution,0.013180243556494714,0.006330589113337608,2.0819932111414254,0.03736451620545189,0.0007712481500693289,0.025589238962920098,positive,True,12465,601,12465,601,-0.04319138234790554,0.09435416033058308,0.09213735838333881
R6_1_B_GE12,R6_1_MIN_USABLE_MONTHS,B,2024-01..2025-12,elig_B==1 and project has >=12 eligible months,asinh_backlog,ln_issues_new,0.12673031469444987,0.07138366519598545,1.7753405396950264,0.07586736244918879,-0.013193404512747364,0.2666540339016471,positive,False,12465,601,12465,601,-0.04319138234790554,0.09435416033058308,0.09213735838333881
R6_1_B_GE12,R6_1_MIN_USABLE_MONTHS,B,2024-01..2025-12,elig_B==1 and project has >=12 eligible months,asinh_backlog,ln_contributors,-0.03444737809897759,0.0270828972603333,-1.2719236707894839,0.20342522617680436,-0.08753430913800427,0.018639552940049084,negative,False,12465,601,12465,601,-0.04319138234790554,0.09435416033058308,0.09213735838333881
R6_1_C_GE6,R6_1_MIN_USABLE_MONTHS,C,2024-01..2025-12,elig_C==1 and project has >=6 eligible months,ln_resolution,ln_issues_new,-0.24912381164529346,0.039282150625567544,-6.341908670426675,2.346123295637881e-10,-0.3261227342804286,-0.1721248890101583,negative,True,13471,718,13471,718,-0.008248201478394668,-0.8742438966270674,-0.9801063912822325
R6_1_C_GE6,R6_1_MIN_USABLE_MONTHS,C,2024-01..2025-12,elig_C==1 and project has >=6 eligible months,ln_resolution,ln_contributors,-0.26099691945568065,0.03428574643778023,-7.612403012118246,2.886579864025407e-14,-0.3282021385032403,-0.19379170040812096,negative,True,13471,718,13471,718,-0.008248201478394668,-0.8742438966270674,-0.9801063912822325
R6_1_C_GE12,R6_1_MIN_USABLE_MONTHS,C,2024-01..2025-12,elig_C==1 and project has >=12 eligible months,ln_resolution,ln_issues_new,-0.26791466915665624,0.04131596327880723,-6.484531592515995,9.254819133275305e-11,-0.3489007487981968,-0.18692858951511565,negative,True,12465,601,12465,601,-0.011662907673939182,-0.9675578367462008,-1.1416711549568208
R6_1_C_GE12,R6_1_MIN_USABLE_MONTHS,C,2024-01..2025-12,elig_C==1 and project has >=12 eligible months,ln_resolution,ln_contributors,-0.249753899205347,0.03542679677866096,-7.049858353431045,1.8904877663317166e-12,-0.3191962444315803,-0.1803115539791137,negative,True,12465,601,12465,601,-0.011662907673939182,-0.9675578367462008,-1.1416711549568208
R6_1_D_GE6,R6_1_MIN_USABLE_MONTHS,D,2024-01..2025-12,elig_D==1 and project has >=6 eligible months,ln_open_age,ln_issues_new,-0.0760118688130386,0.008493752674046172,-8.949150243720107,0.0,-0.09266032790354678,-0.05936340972253042,negative,True,20852,871,20852,871,0.12681873837390256,-0.04549570684905291,-0.045745653199246616
R6_1_D_GE6,R6_1_MIN_USABLE_MONTHS,D,2024-01..2025-12,elig_D==1 and project has >=6 eligible months,ln_open_age,ln_contributors,-0.019633071489942353,0.00691927302080968,-2.837447146672199,0.0045521717650347515,-0.033195419988151134,-0.006070722991733571,negative,True,20852,871,20852,871,0.12681873837390256,-0.04549570684905291,-0.045745653199246616
R6_1_D_GE12,R6_1_MIN_USABLE_MONTHS,D,2024-01..2025-12,elig_D==1 and project has >=12 eligible months,ln_open_age,ln_issues_new,-0.07587634836912667,0.008494064726683084,-8.932866749975455,0.0,-0.09252541936174531,-0.05922727737650803,negative,True,20846,870,20846,870,0.12673569317640643,-0.045398834075226935,-0.04564336072636266
R6_1_D_GE12,R6_1_MIN_USABLE_MONTHS,D,2024-01..2025-12,elig_D==1 and project has >=12 eligible months,ln_open_age,ln_contributors,-0.019560175816616957,0.006921813869778024,-2.8258742844878366,0.004719861186688323,-0.03312750479559312,-0.005992846837640793,negative,True,20846,870,20846,870,0.12673569317640643,-0.045398834075226935,-0.04564336072636266
R6_2_A_COMMON,R6_2_COMMON_SUPPORT,A,2024-01..2025-12,All five baseline analytic variables observed; project has >=2 common-support months,ln_open_age,ln_resolution,-0.0083082555626973,0.0022503957104560387,-3.6919087270272337,0.00022349135000387932,-0.01271936238719833,-0.003897148738196272,negative,True,13781,805,13781,805,0.13965322065699093,-0.08208358801662796,-0.07063469067142769
R6_2_A_COMMON,R6_2_COMMON_SUPPORT,A,2024-01..2025-12,All five baseline analytic variables observed; project has >=2 common-support months,ln_open_age,ln_issues_new,-0.0949591002825939,0.012862802041429729,-7.382458345914106,1.6497914145929826e-13,-0.12017208553826626,-0.06974611502692153,negative,True,13781,805,13781,805,0.13965322065699093,-0.08208358801662796,-0.07063469067142769
R6_2_A_COMMON,R6_2_COMMON_SUPPORT,A,2024-01..2025-12,All five baseline analytic variables observed; project has >=2 common-support months,ln_open_age,ln_contributors,-0.010847341419730074,0.007888432458090589,-1.3750946689801151,0.16912588528945083,-0.026309830122860124,0.004615147283399975,negative,False,13781,805,13781,805,0.13965322065699093,-0.08208358801662796,-0.07063469067142769
R6_2_B_COMMON,R6_2_COMMON_SUPPORT,B,2024-01..2025-12,All five baseline analytic variables observed; project has >=2 common-support months,asinh_backlog,ln_resolution,0.01615825304498092,0.0025356925932824904,6.372323320179687,1.9249313254476874e-10,0.01118792233776568,0.02112858375219616,positive,True,13781,805,13781,805,-0.041909004708869935,0.044921604844036955,0.042674023743830336
R6_2_B_COMMON,R6_2_COMMON_SUPPORT,B,2024-01..2025-12,All five baseline analytic variables observed; project has >=2 common-support months,asinh_backlog,ln_issues_new,0.047946079057557364,0.012752117128807045,3.7598524678892042,0.0001707613324479773,0.022950052522153926,0.0729421055929608,positive,True,13781,805,13781,805,-0.041909004708869935,0.044921604844036955,0.042674023743830336
R6_2_B_COMMON,R6_2_COMMON_SUPPORT,B,2024-01..2025-12,All five baseline analytic variables observed; project has >=2 common-support months,asinh_backlog,ln_contributors,-0.0077482437157242205,0.007948497552658043,-0.9748060767953742,0.32967467040022225,-0.023328468845087994,0.007831981413639551,negative,False,13781,805,13781,805,-0.041909004708869935,0.044921604844036955,0.042674023743830336
R6_2_C_COMMON,R6_2_COMMON_SUPPORT,C,2024-01..2025-12,All five baseline analytic variables observed; project has >=2 common-support months,ln_resolution,ln_issues_new,-0.23307673177740534,0.03554918275902388,-6.556458227390352,5.719091866751569e-11,-0.30275836190734073,-0.16339510164746995,negative,True,13781,805,13781,805,-0.00743650702849008,-0.830185334433237,-0.8616953971187942
R6_2_C_COMMON,R6_2_COMMON_SUPPORT,C,2024-01..2025-12,All five baseline analytic variables observed; project has >=2 common-support months,ln_resolution,ln_contributors,-0.2714261564408974,0.03355926068628623,-8.087965911353164,6.661338147750939e-16,-0.3372072464430938,-0.205645066438701,negative,True,13781,805,13781,805,-0.00743650702849008,-0.830185334433237,-0.8616953971187942
R6_2_D_COMMON,R6_2_COMMON_SUPPORT,D,2024-01..2025-12,All five baseline analytic variables observed; project has >=2 common-support months,ln_open_age,ln_issues_new,-0.09302263922926897,0.012816068005650707,-7.258282274115161,4.143352327901084e-13,-0.11814401871479763,-0.06790125974374031,negative,True,13781,805,13781,805,0.12844690461794117,-0.07421480176544093,-0.06312993127792632
R6_2_D_COMMON,R6_2_COMMON_SUPPORT,D,2024-01..2025-12,All five baseline analytic variables observed; project has >=2 common-support months,ln_open_age,ln_contributors,-0.008592263545618439,0.007764012213052661,-1.1066782624547322,0.26845361198947026,-0.02381087014542574,0.00662634305418886,negative,False,13781,805,13781,805,0.12844690461794117,-0.07421480176544093,-0.06312993127792632
R6_3_A_AUX_NET_CODE,R6_3_AUX_SIGNED_CHANGE_CONTEXT,A,2024-01..2025-12,Original R5 model-specific >=2-month sample; add asinh_net_code_lines; no sign/magnitude filtering,ln_open_age,ln_resolution,-0.008306845273429814,0.0022507984009955107,-3.69062163441904,0.00022462419299928982,-0.012718741462507014,-0.0038949490843526134,negative,True,13781,805,13781,805,0.13973355401342724,-0.08188522248299335,-0.07046017164464868
R6_3_A_AUX_NET_CODE,R6_3_AUX_SIGNED_CHANGE_CONTEXT,A,2024-01..2025-12,Original R5 model-specific >=2-month sample; add asinh_net_code_lines; no sign/magnitude filtering,ln_open_age,ln_issues_new,-0.09498110911721559,0.012865785091255745,-7.3824573038896535,1.6497914145929826e-13,-0.12019994177166028,-0.0697622764627709,negative,True,13781,805,13781,805,0.13973355401342724,-0.08188522248299335,-0.07046017164464868
R6_3_A_AUX_NET_CODE,R6_3_AUX_SIGNED_CHANGE_CONTEXT,A,2024-01..2025-12,Original R5 model-specific >=2-month sample; add asinh_net_code_lines; no sign/magnitude filtering,ln_open_age,ln_contributors,-0.011265914043867876,0.007889548418195577,-1.427954230927264,0.15332914916741358,-0.026730590304692423,0.004198762216956668,negative,False,13781,805,13781,805,0.13973355401342724,-0.08188522248299335,-0.07046017164464868
R6_3_A_AUX_NET_CODE,R6_3_AUX_SIGNED_CHANGE_CONTEXT,A,2024-01..2025-12,Original R5 model-specific >=2-month sample; add asinh_net_code_lines; no sign/magnitude filtering,ln_open_age,asinh_net_code_lines,0.00024399148220191847,0.00036380313031851076,0.670669001633667,0.5024433758242552,-0.00046911620594851177,0.0009570991703523486,positive,False,13781,805,13781,805,0.13973355401342724,-0.08188522248299335,-0.07046017164464868
R6_3_B_AUX_NET_CODE,R6_3_AUX_SIGNED_CHANGE_CONTEXT,B,2024-01..2025-12,Original R5 model-specific >=2-month sample; add asinh_net_code_lines; no sign/magnitude filtering,asinh_backlog,ln_resolution,0.012557205722832412,0.0055111681702590554,2.2785016415570847,0.02271289760231321,0.0017545060976870992,0.023359905347977723,positive,True,13797,805,13797,805,-0.03566464510360978,0.0883405294462557,0.08247192038041551
R6_3_B_AUX_NET_CODE,R6_3_AUX_SIGNED_CHANGE_CONTEXT,B,2024-01..2025-12,Original R5 model-specific >=2-month sample; add asinh_net_code_lines; no sign/magnitude filtering,asinh_backlog,ln_issues_new,0.12147523957433146,0.06508676359273728,1.8663585784419967,0.06201377318718282,-0.006104383283037196,0.2490548624317001,positive,False,13797,805,13797,805,-0.03566464510360978,0.0883405294462557,0.08247192038041551
R6_3_B_AUX_NET_CODE,R6_3_AUX_SIGNED_CHANGE_CONTEXT,B,2024-01..2025-12,Original R5 model-specific >=2-month sample; add asinh_net_code_lines; no sign/magnitude filtering,asinh_backlog,ln_contributors,-0.030070345117026085,0.02443494871715827,-1.2306285339535266,0.2184841541444189,-0.07796643596247797,0.017825745728425806,negative,False,13797,805,13797,805,-0.03566464510360978,0.0883405294462557,0.08247192038041551
R6_3_B_AUX_NET_CODE,R6_3_AUX_SIGNED_CHANGE_CONTEXT,B,2024-01..2025-12,Original R5 model-specific >=2-month sample; add asinh_net_code_lines; no sign/magnitude filtering,asinh_backlog,asinh_net_code_lines,-0.0008617428407538015,0.00044660544748888404,-1.9295394751656052,0.0536857182967978,-0.0017371551582750873,1.3669476767484115e-05,negative,False,13797,805,13797,805,-0.03566464510360978,0.0883405294462557,0.08247192038041551
R6_3_C_AUX_NET_CODE,R6_3_AUX_SIGNED_CHANGE_CONTEXT,C,2024-01..2025-12,Original R5 model-specific >=2-month sample; add asinh_net_code_lines; no sign/magnitude filtering,ln_resolution,ln_issues_new,-0.24738793167463616,0.03901038108422262,-6.341592283872609,2.3495005940787905e-10,-0.3238540116529183,-0.170921851696354,negative,True,13797,805,13797,805,-0.007562261928731662,-0.855087350873702,-0.8888698238972117
R6_3_C_AUX_NET_CODE,R6_3_AUX_SIGNED_CHANGE_CONTEXT,C,2024-01..2025-12,Original R5 model-specific >=2-month sample; add asinh_net_code_lines; no sign/magnitude filtering,ln_resolution,ln_contributors,-0.264519824190734,0.03411823388183757,-7.753033908696778,9.547918011776346e-15,-0.3313965766914028,-0.19764307169006518,negative,True,13797,805,13797,805,-0.007562261928731662,-0.855087350873702,-0.8888698238972117
R6_3_C_AUX_NET_CODE,R6_3_AUX_SIGNED_CHANGE_CONTEXT,C,2024-01..2025-12,Original R5 model-specific >=2-month sample; add asinh_net_code_lines; no sign/magnitude filtering,ln_resolution,asinh_net_code_lines,-0.00024216948789488197,0.0021523888558196897,-0.112511959556052,0.910419229337387,-0.004461167965201129,0.003976828989411365,negative,False,13797,805,13797,805,-0.007562261928731662,-0.855087350873702,-0.8888698238972117
R6_3_D_AUX_NET_CODE,R6_3_AUX_SIGNED_CHANGE_CONTEXT,D,2024-01..2025-12,Original R5 model-specific >=2-month sample; add asinh_net_code_lines; no sign/magnitude filtering,ln_open_age,ln_issues_new,-0.07598824742787429,0.008484203862015538,-8.956438183679175,0.0,-0.09261799010607152,-0.059358504749677056,negative,True,20852,871,20852,871,0.1268324108430139,-0.045546694045024205,-0.04579677418279937
R6_3_D_AUX_NET_CODE,R6_3_AUX_SIGNED_CHANGE_CONTEXT,D,2024-01..2025-12,Original R5 model-specific >=2-month sample; add asinh_net_code_lines; no sign/magnitude filtering,ln_open_age,ln_contributors,-0.019451051772265974,0.006863802942413294,-2.83385929570802,0.004603572723996141,-0.03290467436108833,-0.005997429183443622,negative,True,20852,871,20852,871,0.1268324108430139,-0.045546694045024205,-0.04579677418279937
R6_3_D_AUX_NET_CODE,R6_3_AUX_SIGNED_CHANGE_CONTEXT,D,2024-01..2025-12,Original R5 model-specific >=2-month sample; add asinh_net_code_lines; no sign/magnitude filtering,ln_open_age,asinh_net_code_lines,-9.956194825636041e-05,0.0003480680147390289,-0.2860416471505117,0.7748491929572787,-0.0007818041024713967,0.0005826802059586758,negative,False,20852,871,20852,871,0.1268324108430139,-0.045546694045024205,-0.04579677418279937
R6_4_A_36M,R6_4_36M_WINDOW,A,2023-01..2025-12,elig_A==1 and project has >=2 eligible months in frozen 36m panel,ln_open_age,ln_resolution,-0.011582246452553664,0.002223563121234371,-5.2088678490602005,1.9186232225187894e-07,-0.015940611469241157,-0.00722388143586617,negative,True,21020,800,21020,800,0.13890765502678737,-0.10548009746104525,-0.09192811326074546
R6_4_A_36M,R6_4_36M_WINDOW,A,2023-01..2025-12,elig_A==1 and project has >=2 eligible months in frozen 36m panel,ln_open_age,ln_issues_new,-0.1241529541617837,0.012455720180220542,-9.967545221426565,0.0,-0.1485671812969169,-0.0997387270266505,negative,True,21020,800,21020,800,0.13890765502678737,-0.10548009746104525,-0.09192811326074546
R6_4_A_36M,R6_4_36M_WINDOW,A,2023-01..2025-12,elig_A==1 and project has >=2 eligible months in frozen 36m panel,ln_open_age,ln_contributors,-0.0045798731904511635,0.008775503271950723,-0.5218929386181056,0.6017506026087167,-0.02178057511748466,0.012620828736582334,negative,False,21020,800,21020,800,0.13890765502678737,-0.10548009746104525,-0.09192811326074546
R6_4_B_36M,R6_4_36M_WINDOW,B,2023-01..2025-12,elig_B==1 and project has >=2 eligible months in frozen 36m panel,asinh_backlog,ln_resolution,0.012345382825009061,0.005248227443291836,2.3522956957188748,0.018667475128858912,0.002058429883240582,0.02263233576677754,positive,True,21045,800,21045,800,-0.04215598008235655,0.09990276551525434,0.09388798051737979
R6_4_B_36M,R6_4_36M_WINDOW,B,2023-01..2025-12,elig_B==1 and project has >=2 eligible months in frozen 36m panel,asinh_backlog,ln_issues_new,0.1353835395244581,0.057229842038912494,2.365610924321725,0.018009735830134543,0.023208391194782435,0.2475586878541338,positive,True,21045,800,21045,800,-0.04215598008235655,0.09990276551525434,0.09388798051737979
R6_4_B_36M,R6_4_36M_WINDOW,B,2023-01..2025-12,elig_B==1 and project has >=2 eligible months in frozen 36m panel,asinh_backlog,ln_contributors,-0.03611155133856951,0.02339010833605086,-1.543881320246442,0.1226327456670171,-0.08195806739674222,0.009734964719603188,negative,False,21045,800,21045,800,-0.04215598008235655,0.09990276551525434,0.09388798051737979
R6_4_C_36M,R6_4_36M_WINDOW,C,2023-01..2025-12,elig_C==1 and project has >=2 eligible months in frozen 36m panel,ln_resolution,ln_issues_new,-0.27428837220112956,0.03533641941265223,-7.7622004934354045,8.659739592076221e-15,-0.34355063007367087,-0.20502611432858825,negative,True,21045,800,21045,800,-0.007154301444186606,-0.839526041649673,-0.90404087655869
R6_4_C_36M,R6_4_36M_WINDOW,C,2023-01..2025-12,elig_C==1 and project has >=2 eligible months in frozen 36m panel,ln_resolution,ln_contributors,-0.2600872305322678,0.031708073479457546,-8.202555437521879,2.220446049250313e-16,-0.32223763508597125,-0.19793682597856432,negative,True,21045,800,21045,800,-0.007154301444186606,-0.839526041649673,-0.90404087655869
R6_4_D_36M,R6_4_36M_WINDOW,D,2023-01..2025-12,elig_D==1 and project has >=2 eligible months in frozen 36m panel,ln_open_age,ln_issues_new,-0.10373729164463132,0.009743675206948441,-10.64662865308296,0.0,-0.12283534061231781,-0.08463924267694482,negative,True,29893,834,29893,834,0.1391577286790645,-0.06388637360106375,-0.06438840916281197
R6_4_D_36M,R6_4_36M_WINDOW,D,2023-01..2025-12,elig_D==1 and project has >=2 eligible months in frozen 36m panel,ln_open_age,ln_contributors,-0.01996893098921715,0.008233989658140607,-2.4251829086856684,0.015306735437961017,-0.03610792724583012,-0.003829934732604179,negative,True,29893,834,29893,834,0.1391577286790645,-0.06388637360106375,-0.06438840916281197
R6_MD1_BASE,R6_MD1,MD1,2024-01..2025-12,Verified 24m exposure; outcome=1 iff ln_resolution defined; complete predictors; project >=2 diagnostic months,resolution_observed,ln_issues_new,0.27657030758376705,0.009937761505887129,27.830241993624703,0.0,0.25709148400004245,0.29604913116749165,positive,True,21072,878,21072,878,0.27488586023765604,0.7638575902406274,0.8588409265009092
R6_MD1_BASE,R6_MD1,MD1,2024-01..2025-12,Verified 24m exposure; outcome=1 iff ln_resolution defined; complete predictors; project >=2 diagnostic months,resolution_observed,ln_contributors,0.001077656251440763,0.006462829902820169,0.16674680714875517,0.8675709458675942,-0.011590017797093989,0.013745330299975517,positive,False,21072,878,21072,878,0.27488586023765604,0.7638575902406274,0.8588409265009092
R6_MD1_AUX_NET_CODE,R6_MD1,MD1,2024-01..2025-12,Verified 24m exposure; outcome=1 iff ln_resolution defined; complete predictors; project >=2 diagnostic months,resolution_observed,ln_issues_new,0.2762901081675974,0.009936389784235767,27.805884648963335,0.0,0.2568139732123015,0.29576624312289335,positive,True,21072,878,21072,878,0.2751786924493943,0.7649291186212258,0.8600637175323176
R6_MD1_AUX_NET_CODE,R6_MD1,MD1,2024-01..2025-12,Verified 24m exposure; outcome=1 iff ln_resolution defined; complete predictors; project >=2 diagnostic months,resolution_observed,ln_contributors,-0.0010591116280026954,0.006419600054424782,-0.1649809363548576,0.8689606405033368,-0.013642051683088158,0.011523828427082768,negative,False,21072,878,21072,878,0.2751786924493943,0.7649291186212258,0.8600637175323176
R6_MD1_AUX_NET_CODE,R6_MD1,MD1,2024-01..2025-12,Verified 24m exposure; outcome=1 iff ln_resolution defined; complete predictors; project >=2 diagnostic months,resolution_observed,asinh_net_code_lines,0.001174455525238226,0.0003814473336430027,3.0789454313957827,0.0020801372650982586,0.0004267876187159466,0.0019221234317605054,positive,True,21072,878,21072,878,0.2751786924493943,0.7649291186212258,0.8600637175323176
