spec_id,family,model,term,r5_b,r6_b,delta_b,absolute_delta_b,relative_absolute_delta_b,r5_se,r6_se,r5_p,r6_p,direction_match,p05_classification_match,interpretation_rule
R6_1_A_GE6,R6_1_MIN_USABLE_MONTHS,A,ln_resolution,-0.008308255562697302,-0.008334224788410479,-2.5969225713176267e-05,2.5969225713176267e-05,0.0031257133964166686,0.0022503957104560387,0.0023223759539328674,0.00022349135000387932,0.0003336285685748841,True,True,DESCRIPTIVE_ONLY__NO_HARD_MAGNITUDE_THRESHOLD__NO_SIGNIFICANCE_ONLY_DECISION
R6_1_A_GE6,R6_1_MIN_USABLE_MONTHS,A,ln_issues_new,-0.09495910028259388,-0.09470410082134026,0.0002549994612536244,0.0002549994612536244,0.0026853609658764434,0.012862802041429729,0.013047123915726143,1.6497914145929826e-13,4.1389114358025836e-13,True,True,DESCRIPTIVE_ONLY__NO_HARD_MAGNITUDE_THRESHOLD__NO_SIGNIFICANCE_ONLY_DECISION
R6_1_A_GE6,R6_1_MIN_USABLE_MONTHS,A,ln_contributors,-0.010847341419730074,-0.011555317552385787,-0.0007079761326557136,0.0007079761326557136,0.06526724892866247,0.007888432458090589,0.008001204482859004,0.16912588528945083,0.14870814985439207,True,True,DESCRIPTIVE_ONLY__NO_HARD_MAGNITUDE_THRESHOLD__NO_SIGNIFICANCE_ONLY_DECISION
R6_1_A_GE12,R6_1_MIN_USABLE_MONTHS,A,ln_resolution,-0.008308255562697302,-0.008345634052840584,-3.7378490143281234e-05,3.7378490143281234e-05,0.004498957676639666,0.0022503957104560387,0.002511245545913312,0.00022349135000387932,0.0008922799197423892,True,True,DESCRIPTIVE_ONLY__NO_HARD_MAGNITUDE_THRESHOLD__NO_SIGNIFICANCE_ONLY_DECISION
R6_1_A_GE12,R6_1_MIN_USABLE_MONTHS,A,ln_issues_new,-0.09495910028259388,-0.09716849003591274,-0.002209389753318858,0.002209389753318858,0.023266751124892886,0.012862802041429729,0.013936332221443611,1.6497914145929826e-13,3.283817662236288e-12,True,True,DESCRIPTIVE_ONLY__NO_HARD_MAGNITUDE_THRESHOLD__NO_SIGNIFICANCE_ONLY_DECISION
R6_1_A_GE12,R6_1_MIN_USABLE_MONTHS,A,ln_contributors,-0.010847341419730074,-0.00930900208092033,0.0015383393388097438,0.0015383393388097438,0.1418171770653112,0.007888432458090589,0.008400997918206006,0.16912588528945083,0.26784856881358365,True,True,DESCRIPTIVE_ONLY__NO_HARD_MAGNITUDE_THRESHOLD__NO_SIGNIFICANCE_ONLY_DECISION
R6_1_B_GE6,R6_1_MIN_USABLE_MONTHS,B,ln_resolution,0.012560843583592808,0.01307789220040079,0.0005170486168079823,0.0005170486168079823,0.04116352642774408,0.005511269798419013,0.0056824490493075685,0.0226761291172477,0.021382086605400197,True,True,DESCRIPTIVE_ONLY__NO_HARD_MAGNITUDE_THRESHOLD__NO_SIGNIFICANCE_ONLY_DECISION
R6_1_B_GE6,R6_1_MIN_USABLE_MONTHS,B,ln_issues_new,0.12141402044008608,0.12374082941282132,0.0023268089727352392,0.0023268089727352392,0.019164252730461594,0.06507933170557945,0.06613224038915194,0.06211557097107012,0.061352482999458946,True,True,DESCRIPTIVE_ONLY__NO_HARD_MAGNITUDE_THRESHOLD__NO_SIGNIFICANCE_ONLY_DECISION
R6_1_B_GE6,R6_1_MIN_USABLE_MONTHS,B,ln_contributors,-0.03155515331427929,-0.032225083693296255,-0.0006699303790169628,0.0006699303790169628,0.021230458693851657,0.02496139498703495,0.025474995118241434,0.20619595868203366,0.20590553697903724,True,True,DESCRIPTIVE_ONLY__NO_HARD_MAGNITUDE_THRESHOLD__NO_SIGNIFICANCE_ONLY_DECISION
R6_1_B_GE12,R6_1_MIN_USABLE_MONTHS,B,ln_resolution,0.012560843583592808,0.013180243556494714,0.0006193999729019063,0.0006193999729019063,0.04931197246265985,0.005511269798419013,0.006330589113337608,0.0226761291172477,0.03736451620545189,True,True,DESCRIPTIVE_ONLY__NO_HARD_MAGNITUDE_THRESHOLD__NO_SIGNIFICANCE_ONLY_DECISION
R6_1_B_GE12,R6_1_MIN_USABLE_MONTHS,B,ln_issues_new,0.12141402044008608,0.12673031469444987,0.005316294254363793,0.005316294254363793,0.043786493809314334,0.06507933170557945,0.07138366519598545,0.06211557097107012,0.07586736244918879,True,True,DESCRIPTIVE_ONLY__NO_HARD_MAGNITUDE_THRESHOLD__NO_SIGNIFICANCE_ONLY_DECISION
R6_1_B_GE12,R6_1_MIN_USABLE_MONTHS,B,ln_contributors,-0.03155515331427929,-0.03444737809897759,-0.002892224784698298,0.002892224784698298,0.09165617913158776,0.02496139498703495,0.0270828972603333,0.20619595868203366,0.20342522617680436,True,True,DESCRIPTIVE_ONLY__NO_HARD_MAGNITUDE_THRESHOLD__NO_SIGNIFICANCE_ONLY_DECISION
R6_1_C_GE6,R6_1_MIN_USABLE_MONTHS,C,ln_issues_new,-0.24740538858242767,-0.24912381164529346,-0.0017184230628657926,0.0017184230628657926,0.006945778637692316,0.03900702161916497,0.039282150625567544,2.334432647188578e-10,2.346123295637881e-10,True,True,DESCRIPTIVE_ONLY__NO_HARD_MAGNITUDE_THRESHOLD__NO_SIGNIFICANCE_ONLY_DECISION
R6_1_C_GE6,R6_1_MIN_USABLE_MONTHS,C,ln_contributors,-0.264937360174734,-0.26099691945568065,0.003940440719053362,0.003940440719053362,0.014873103274126854,0.034104528450192545,0.03428574643778023,8.43769498715119e-15,2.886579864025407e-14,True,True,DESCRIPTIVE_ONLY__NO_HARD_MAGNITUDE_THRESHOLD__NO_SIGNIFICANCE_ONLY_DECISION
R6_1_C_GE12,R6_1_MIN_USABLE_MONTHS,C,ln_issues_new,-0.24740538858242767,-0.26791466915665624,-0.020509280574228572,0.020509280574228572,0.08289746917697198,0.03900702161916497,0.04131596327880723,2.334432647188578e-10,9.254819133275305e-11,True,True,DESCRIPTIVE_ONLY__NO_HARD_MAGNITUDE_THRESHOLD__NO_SIGNIFICANCE_ONLY_DECISION
R6_1_C_GE12,R6_1_MIN_USABLE_MONTHS,C,ln_contributors,-0.264937360174734,-0.249753899205347,0.015183460969387025,0.015183460969387025,0.05730962578993421,0.034104528450192545,0.03542679677866096,8.43769498715119e-15,1.8904877663317166e-12,True,True,DESCRIPTIVE_ONLY__NO_HARD_MAGNITUDE_THRESHOLD__NO_SIGNIFICANCE_ONLY_DECISION
R6_1_D_GE6,R6_1_MIN_USABLE_MONTHS,D,ln_issues_new,-0.07601186881303859,-0.0760118688130386,-1.3877787807814457e-17,1.3877787807814457e-17,1.8257395883725396e-16,0.00849375267404617,0.008493752674046172,0.0,0.0,True,True,DESCRIPTIVE_ONLY__NO_HARD_MAGNITUDE_THRESHOLD__NO_SIGNIFICANCE_ONLY_DECISION
R6_1_D_GE6,R6_1_MIN_USABLE_MONTHS,D,ln_contributors,-0.01963307148994234,-0.019633071489942353,-1.3877787807814457e-17,1.3877787807814457e-17,7.068577025721009e-16,0.006919273020809674,0.00691927302080968,0.0045521717650347515,0.0045521717650347515,True,True,DESCRIPTIVE_ONLY__NO_HARD_MAGNITUDE_THRESHOLD__NO_SIGNIFICANCE_ONLY_DECISION
R6_1_D_GE12,R6_1_MIN_USABLE_MONTHS,D,ln_issues_new,-0.07601186881303859,-0.07587634836912667,0.0001355204439119212,0.0001355204439119212,0.0017828853049943023,0.00849375267404617,0.008494064726683084,0.0,0.0,True,True,DESCRIPTIVE_ONLY__NO_HARD_MAGNITUDE_THRESHOLD__NO_SIGNIFICANCE_ONLY_DECISION
R6_1_D_GE12,R6_1_MIN_USABLE_MONTHS,D,ln_contributors,-0.01963307148994234,-0.019560175816616957,7.289567332538147e-05,7.289567332538147e-05,0.003712902148944172,0.006919273020809674,0.006921813869778024,0.0045521717650347515,0.004719861186688323,True,True,DESCRIPTIVE_ONLY__NO_HARD_MAGNITUDE_THRESHOLD__NO_SIGNIFICANCE_ONLY_DECISION
R6_2_A_COMMON,R6_2_COMMON_SUPPORT,A,ln_resolution,-0.008308255562697302,-0.0083082555626973,1.734723475976807e-18,1.734723475976807e-18,2.0879515114646082e-16,0.0022503957104560387,0.0022503957104560387,0.00022349135000387932,0.00022349135000387932,True,True,DESCRIPTIVE_ONLY__NO_HARD_MAGNITUDE_THRESHOLD__NO_SIGNIFICANCE_ONLY_DECISION
R6_2_A_COMMON,R6_2_COMMON_SUPPORT,A,ln_issues_new,-0.09495910028259388,-0.0949591002825939,-1.3877787807814457e-17,1.3877787807814457e-17,1.4614489571315232e-16,0.012862802041429729,0.012862802041429729,1.6497914145929826e-13,1.6497914145929826e-13,True,True,DESCRIPTIVE_ONLY__NO_HARD_MAGNITUDE_THRESHOLD__NO_SIGNIFICANCE_ONLY_DECISION
R6_2_A_COMMON,R6_2_COMMON_SUPPORT,A,ln_contributors,-0.010847341419730074,-0.010847341419730074,0.0,0.0,0.0,0.007888432458090589,0.007888432458090589,0.16912588528945083,0.16912588528945083,True,True,DESCRIPTIVE_ONLY__NO_HARD_MAGNITUDE_THRESHOLD__NO_SIGNIFICANCE_ONLY_DECISION
R6_2_B_COMMON,R6_2_COMMON_SUPPORT,B,ln_resolution,0.012560843583592808,0.01615825304498092,0.003597409461388111,0.003597409461388111,0.28639871497859504,0.005511269798419013,0.0025356925932824904,0.0226761291172477,1.9249313254476874e-10,True,True,DESCRIPTIVE_ONLY__NO_HARD_MAGNITUDE_THRESHOLD__NO_SIGNIFICANCE_ONLY_DECISION
R6_2_B_COMMON,R6_2_COMMON_SUPPORT,B,ln_issues_new,0.12141402044008608,0.047946079057557364,-0.07346794138252871,0.07346794138252871,0.6051026159600965,0.06507933170557945,0.012752117128807045,0.06211557097107012,0.0001707613324479773,True,False,DESCRIPTIVE_ONLY__NO_HARD_MAGNITUDE_THRESHOLD__NO_SIGNIFICANCE_ONLY_DECISION
R6_2_B_COMMON,R6_2_COMMON_SUPPORT,B,ln_contributors,-0.03155515331427929,-0.0077482437157242205,0.02380690959855507,0.02380690959855507,0.7544539353507753,0.02496139498703495,0.007948497552658043,0.20619595868203366,0.32967467040022225,True,True,DESCRIPTIVE_ONLY__NO_HARD_MAGNITUDE_THRESHOLD__NO_SIGNIFICANCE_ONLY_DECISION
R6_2_C_COMMON,R6_2_COMMON_SUPPORT,C,ln_issues_new,-0.24740538858242767,-0.23307673177740534,0.014328656805022322,0.014328656805022322,0.05791570218871148,0.03900702161916497,0.03554918275902388,2.334432647188578e-10,5.719091866751569e-11,True,True,DESCRIPTIVE_ONLY__NO_HARD_MAGNITUDE_THRESHOLD__NO_SIGNIFICANCE_ONLY_DECISION
R6_2_C_COMMON,R6_2_COMMON_SUPPORT,C,ln_contributors,-0.264937360174734,-0.2714261564408974,-0.006488796266163388,0.006488796266163388,0.024491812939797675,0.034104528450192545,0.03355926068628623,8.43769498715119e-15,6.661338147750939e-16,True,True,DESCRIPTIVE_ONLY__NO_HARD_MAGNITUDE_THRESHOLD__NO_SIGNIFICANCE_ONLY_DECISION
R6_2_D_COMMON,R6_2_COMMON_SUPPORT,D,ln_issues_new,-0.07601186881303859,-0.09302263922926897,-0.017010770416230378,0.017010770416230378,0.22379097740736587,0.00849375267404617,0.012816068005650707,0.0,4.143352327901084e-13,True,True,DESCRIPTIVE_ONLY__NO_HARD_MAGNITUDE_THRESHOLD__NO_SIGNIFICANCE_ONLY_DECISION
R6_2_D_COMMON,R6_2_COMMON_SUPPORT,D,ln_contributors,-0.01963307148994234,-0.008592263545618439,0.0110408079443239,0.0110408079443239,0.5623576499469226,0.006919273020809674,0.007764012213052661,0.0045521717650347515,0.26845361198947026,True,False,DESCRIPTIVE_ONLY__NO_HARD_MAGNITUDE_THRESHOLD__NO_SIGNIFICANCE_ONLY_DECISION
R6_3_A_AUX_NET_CODE,R6_3_AUX_SIGNED_CHANGE_CONTEXT,A,ln_resolution,-0.008308255562697302,-0.008306845273429814,1.4102892674887346e-06,1.4102892674887346e-06,0.00016974553284334452,0.0022503957104560387,0.0022507984009955107,0.00022349135000387932,0.00022462419299928982,True,True,DESCRIPTIVE_ONLY__NO_HARD_MAGNITUDE_THRESHOLD__NO_SIGNIFICANCE_ONLY_DECISION
R6_3_A_AUX_NET_CODE,R6_3_AUX_SIGNED_CHANGE_CONTEXT,A,ln_issues_new,-0.09495910028259388,-0.09498110911721559,-2.2008834621708995e-05,2.2008834621708995e-05,0.00023177172652449025,0.012862802041429729,0.012865785091255745,1.6497914145929826e-13,1.6497914145929826e-13,True,True,DESCRIPTIVE_ONLY__NO_HARD_MAGNITUDE_THRESHOLD__NO_SIGNIFICANCE_ONLY_DECISION
R6_3_A_AUX_NET_CODE,R6_3_AUX_SIGNED_CHANGE_CONTEXT,A,ln_contributors,-0.010847341419730074,-0.011265914043867876,-0.00041857262413780294,0.00041857262413780294,0.03858757717134884,0.007888432458090589,0.007889548418195577,0.16912588528945083,0.15332914916741358,True,True,DESCRIPTIVE_ONLY__NO_HARD_MAGNITUDE_THRESHOLD__NO_SIGNIFICANCE_ONLY_DECISION
R6_3_B_AUX_NET_CODE,R6_3_AUX_SIGNED_CHANGE_CONTEXT,B,ln_resolution,0.012560843583592808,0.012557205722832412,-3.6378607603960306e-06,3.6378607603960306e-06,0.0002896191435062425,0.005511269798419013,0.0055111681702590554,0.0226761291172477,0.02271289760231321,True,True,DESCRIPTIVE_ONLY__NO_HARD_MAGNITUDE_THRESHOLD__NO_SIGNIFICANCE_ONLY_DECISION
R6_3_B_AUX_NET_CODE,R6_3_AUX_SIGNED_CHANGE_CONTEXT,B,ln_issues_new,0.12141402044008608,0.12147523957433146,6.121913424537995e-05,6.121913424537995e-05,0.0005042179974230376,0.06507933170557945,0.06508676359273728,0.06211557097107012,0.06201377318718282,True,True,DESCRIPTIVE_ONLY__NO_HARD_MAGNITUDE_THRESHOLD__NO_SIGNIFICANCE_ONLY_DECISION
R6_3_B_AUX_NET_CODE,R6_3_AUX_SIGNED_CHANGE_CONTEXT,B,ln_contributors,-0.03155515331427929,-0.030070345117026085,0.0014848081972532075,0.0014848081972532075,0.04705438070495142,0.02496139498703495,0.02443494871715827,0.20619595868203366,0.2184841541444189,True,True,DESCRIPTIVE_ONLY__NO_HARD_MAGNITUDE_THRESHOLD__NO_SIGNIFICANCE_ONLY_DECISION
R6_3_C_AUX_NET_CODE,R6_3_AUX_SIGNED_CHANGE_CONTEXT,C,ln_issues_new,-0.24740538858242767,-0.24738793167463616,1.745690779150766e-05,1.745690779150766e-05,7.055993360343309e-05,0.03900702161916497,0.03901038108422262,2.334432647188578e-10,2.3495005940787905e-10,True,True,DESCRIPTIVE_ONLY__NO_HARD_MAGNITUDE_THRESHOLD__NO_SIGNIFICANCE_ONLY_DECISION
R6_3_C_AUX_NET_CODE,R6_3_AUX_SIGNED_CHANGE_CONTEXT,C,ln_contributors,-0.264937360174734,-0.264519824190734,0.000417535984000017,0.000417535984000017,0.0015759800117455677,0.034104528450192545,0.03411823388183757,8.43769498715119e-15,9.547918011776346e-15,True,True,DESCRIPTIVE_ONLY__NO_HARD_MAGNITUDE_THRESHOLD__NO_SIGNIFICANCE_ONLY_DECISION
R6_3_D_AUX_NET_CODE,R6_3_AUX_SIGNED_CHANGE_CONTEXT,D,ln_issues_new,-0.07601186881303859,-0.07598824742787429,2.3621385164304676e-05,2.3621385164304676e-05,0.0003107591687083059,0.00849375267404617,0.008484203862015538,0.0,0.0,True,True,DESCRIPTIVE_ONLY__NO_HARD_MAGNITUDE_THRESHOLD__NO_SIGNIFICANCE_ONLY_DECISION
R6_3_D_AUX_NET_CODE,R6_3_AUX_SIGNED_CHANGE_CONTEXT,D,ln_contributors,-0.01963307148994234,-0.019451051772265974,0.0001820197176763648,0.0001820197176763648,0.009271077007467229,0.006919273020809674,0.006863802942413294,0.0045521717650347515,0.004603572723996141,True,True,DESCRIPTIVE_ONLY__NO_HARD_MAGNITUDE_THRESHOLD__NO_SIGNIFICANCE_ONLY_DECISION
R6_4_A_36M,R6_4_36M_WINDOW,A,ln_resolution,-0.008308255562697302,-0.011582246452553664,-0.0032739908898563614,0.0032739908898563614,0.3940647787191382,0.0022503957104560387,0.002223563121234371,0.00022349135000387932,1.9186232225187894e-07,True,True,DESCRIPTIVE_ONLY__NO_HARD_MAGNITUDE_THRESHOLD__NO_SIGNIFICANCE_ONLY_DECISION
R6_4_A_36M,R6_4_36M_WINDOW,A,ln_issues_new,-0.09495910028259388,-0.1241529541617837,-0.02919385387918981,0.02919385387918981,0.30743608345393175,0.012862802041429729,0.012455720180220542,1.6497914145929826e-13,0.0,True,True,DESCRIPTIVE_ONLY__NO_HARD_MAGNITUDE_THRESHOLD__NO_SIGNIFICANCE_ONLY_DECISION
R6_4_A_36M,R6_4_36M_WINDOW,A,ln_contributors,-0.010847341419730074,-0.0045798731904511635,0.00626746822927891,0.00626746822927891,0.5777884171580607,0.007888432458090589,0.008775503271950723,0.16912588528945083,0.6017506026087167,True,True,DESCRIPTIVE_ONLY__NO_HARD_MAGNITUDE_THRESHOLD__NO_SIGNIFICANCE_ONLY_DECISION
R6_4_B_36M,R6_4_36M_WINDOW,B,ln_resolution,0.012560843583592808,0.012345382825009061,-0.00021546075858374682,0.00021546075858374682,0.017153366901661398,0.005511269798419013,0.005248227443291836,0.0226761291172477,0.018667475128858912,True,True,DESCRIPTIVE_ONLY__NO_HARD_MAGNITUDE_THRESHOLD__NO_SIGNIFICANCE_ONLY_DECISION
R6_4_B_36M,R6_4_36M_WINDOW,B,ln_issues_new,0.12141402044008608,0.1353835395244581,0.013969519084372037,0.013969519084372037,0.11505688580064398,0.06507933170557945,0.057229842038912494,0.06211557097107012,0.018009735830134543,True,False,DESCRIPTIVE_ONLY__NO_HARD_MAGNITUDE_THRESHOLD__NO_SIGNIFICANCE_ONLY_DECISION
R6_4_B_36M,R6_4_36M_WINDOW,B,ln_contributors,-0.03155515331427929,-0.03611155133856951,-0.004556398024290219,0.004556398024290219,0.14439473574759543,0.02496139498703495,0.02339010833605086,0.20619595868203366,0.1226327456670171,True,True,DESCRIPTIVE_ONLY__NO_HARD_MAGNITUDE_THRESHOLD__NO_SIGNIFICANCE_ONLY_DECISION
R6_4_C_36M,R6_4_36M_WINDOW,C,ln_issues_new,-0.24740538858242767,-0.27428837220112956,-0.026882983618701894,0.026882983618701894,0.10865965277771358,0.03900702161916497,0.03533641941265223,2.334432647188578e-10,8.659739592076221e-15,True,True,DESCRIPTIVE_ONLY__NO_HARD_MAGNITUDE_THRESHOLD__NO_SIGNIFICANCE_ONLY_DECISION
R6_4_C_36M,R6_4_36M_WINDOW,C,ln_contributors,-0.264937360174734,-0.2600872305322678,0.004850129642466228,0.004850129642466228,0.018306703287401308,0.034104528450192545,0.031708073479457546,8.43769498715119e-15,2.220446049250313e-16,True,True,DESCRIPTIVE_ONLY__NO_HARD_MAGNITUDE_THRESHOLD__NO_SIGNIFICANCE_ONLY_DECISION
R6_4_D_36M,R6_4_36M_WINDOW,D,ln_issues_new,-0.07601186881303859,-0.10373729164463132,-0.027725422831592725,0.027725422831592725,0.3647512324659078,0.00849375267404617,0.009743675206948441,0.0,0.0,True,True,DESCRIPTIVE_ONLY__NO_HARD_MAGNITUDE_THRESHOLD__NO_SIGNIFICANCE_ONLY_DECISION
R6_4_D_36M,R6_4_36M_WINDOW,D,ln_contributors,-0.01963307148994234,-0.01996893098921715,-0.00033585949927480985,0.00033585949927480985,0.01710682403651739,0.006919273020809674,0.008233989658140607,0.0045521717650347515,0.015306735437961017,True,True,DESCRIPTIVE_ONLY__NO_HARD_MAGNITUDE_THRESHOLD__NO_SIGNIFICANCE_ONLY_DECISION
